iteracion,fitness,semilla,gbestx,gbesty,puntos,inercia,C1,C2,evals,evals to best,tiempo_al_mejor
0,2.6229706,1774480309978,299.9674,105.62117,100,4975.0,30.0,10.0,100,32,0.003
1,2.4368238,1774480309978,407.87335,100.29931,100,4950.125,30.0,10.0,200,183,0.01
2,2.1866245,1774480309978,405.8611,102.52437,100,4925.3745,30.0,10.0,300,283,0.035
3,2.1866245,1774480309978,405.8611,102.52437,100,4900.7476,30.0,10.0,400,283,0.035
4,2.1866245,1774480309978,405.8611,102.52437,100,4876.2437,30.0,10.0,500,283,0.035
5,2.1866245,1774480309978,405.8611,102.52437,100,4851.8623,30.0,10.0,600,283,0.035
6,2.1866245,1774480309978,405.8611,102.52437,100,4827.603,30.0,10.0,700,283,0.035
7,2.1866245,1774480309978,405.8611,102.52437,100,4803.465,30.0,10.0,800,283,0.035
8,2.1866245,1774480309978,405.8611,102.52437,100,4779.4478,30.0,10.0,900,283,0.035
9,2.1866245,1774480309978,405.8611,102.52437,100,4755.551,30.0,10.0,1000,283,0.035
10,2.1866245,1774480309978,405.8611,102.52437,100,4731.773,30.0,10.0,1100,283,0.035
11,2.1866245,1774480309978,405.8611,102.52437,100,4708.1143,30.0,10.0,1200,283,0.035
12,2.1866245,1774480309978,405.8611,102.52437,100,4684.5737,30.0,10.0,1300,283,0.035
13,2.1866245,1774480309978,405.8611,102.52437,100,4661.151,30.0,10.0,1400,283,0.035
14,2.1866245,1774480309978,405.8611,102.52437,100,4637.845,30.0,10.0,1500,283,0.035
15,2.1866245,1774480309978,405.8611,102.52437,100,4614.6562,30.0,10.0,1600,283,0.035
16,2.1866245,1774480309978,405.8611,102.52437,100,4591.583,30.0,10.0,1700,283,0.035
17,2.1866245,1774480309978,405.8611,102.52437,100,4568.625,30.0,10.0,1800,283,0.035
18,2.1866245,1774480309978,405.8611,102.52437,100,4545.7817,30.0,10.0,1900,283,0.035
19,2.1866245,1774480309978,405.8611,102.52437,100,4523.0527,30.0,10.0,2000,283,0.035
20,1.8409615,1774480309978,310.02197,99.6138,100,4500.4375,30.0,10.0,2100,2030,0.337
21,1.6871204,1774480309978,312.552,101.225945,100,4477.9355,30.0,10.0,2200,2130,0.363
22,1.6871204,1774480309978,312.552,101.225945,100,4455.546,30.0,10.0,2300,2130,0.363
23,1.6871204,1774480309978,312.552,101.225945,100,4433.268,30.0,10.0,2400,2130,0.363
24,1.6871204,1774480309978,312.552,101.225945,100,4411.1016,30.0,10.0,2500,2130,0.363
25,1.6871204,1774480309978,312.552,101.225945,100,4389.046,30.0,10.0,2600,2130,0.363
26,1.6871204,1774480309978,312.552,101.225945,100,4367.1006,30.0,10.0,2700,2130,0.363
27,1.6871204,1774480309978,312.552,101.225945,100,4345.265,30.0,10.0,2800,2130,0.363
28,1.6871204,1774480309978,312.552,101.225945,100,4323.539,30.0,10.0,2900,2130,0.363
29,1.6871204,1774480309978,312.552,101.225945,100,4301.9214,30.0,10.0,3000,2130,0.363
30,1.6871204,1774480309978,312.552,101.225945,100,4280.4116,30.0,10.0,3100,2130,0.363
31,1.6871204,1774480309978,312.552,101.225945,100,4259.01,30.0,10.0,3200,2130,0.363
32,1.6871204,1774480309978,312.552,101.225945,100,4237.715,30.0,10.0,3300,2130,0.363
33,1.6871204,1774480309978,312.552,101.225945,100,4216.5264,30.0,10.0,3400,2130,0.363
34,1.6871204,1774480309978,312.552,101.225945,100,4195.444,30.0,10.0,3500,2130,0.363
35,1.6871204,1774480309978,312.552,101.225945,100,4174.467,30.0,10.0,3600,2130,0.363
36,1.6871204,1774480309978,312.552,101.225945,100,4153.5947,30.0,10.0,3700,2130,0.363
37,1.6871204,1774480309978,312.552,101.225945,100,4132.8267,30.0,10.0,3800,2130,0.363
38,1.301714,1774480309978,306.90747,100.647194,100,4112.1626,30.0,10.0,3900,3807,0.672
39,1.083025,1774480309978,305.33643,103.20294,100,4091.6018,30.0,10.0,4000,3907,0.677
40,1.083025,1774480309978,305.33643,103.20294,100,4071.1438,30.0,10.0,4100,3907,0.677
41,1.083025,1774480309978,305.33643,103.20294,100,4050.788,30.0,10.0,4200,3907,0.677
42,1.083025,1774480309978,305.33643,103.20294,100,4030.5342,30.0,10.0,4300,3907,0.677
43,1.083025,1774480309978,305.33643,103.20294,100,4010.3816,30.0,10.0,4400,3907,0.677
44,1.083025,1774480309978,305.33643,103.20294,100,3990.3296,30.0,10.0,4500,3907,0.677
45,0.7291107,1774480309978,309.22092,156.55104,100,3970.378,30.0,10.0,4600,4583,0.782
46,0.016550064,1774480309978,307.60974,154.02042,100,3950.5261,30.0,10.0,4700,4683,0.812
47,0.016550064,1774480309978,307.60974,154.02042,100,3930.7734,30.0,10.0,4800,4683,0.812
48,0.016550064,1774480309978,307.60974,154.02042,100,3911.1196,30.0,10.0,4900,4683,0.812
49,0.016550064,1774480309978,307.60974,154.02042,100,3891.564,30.0,10.0,5000,4683,0.812
50,0.016550064,1774480309978,307.60974,154.02042,100,3872.1062,30.0,10.0,5100,4683,0.812
51,0.016550064,1774480309978,307.60974,154.02042,100,3852.7456,30.0,10.0,5200,4683,0.812
52,0.016550064,1774480309978,307.60974,154.02042,100,3833.482,30.0,10.0,5300,4683,0.812
53,0.016550064,1774480309978,307.60974,154.02042,100,3814.3145,30.0,10.0,5400,4683,0.812
54,0.016550064,1774480309978,307.60974,154.02042,100,3795.243,30.0,10.0,5500,4683,0.812
55,0.016550064,1774480309978,307.60974,154.02042,100,3776.2666,30.0,10.0,5600,4683,0.812
56,0.016550064,1774480309978,307.60974,154.02042,100,3757.3853,30.0,10.0,5700,4683,0.812
57,0.016550064,1774480309978,307.60974,154.02042,100,3738.5984,30.0,10.0,5800,4683,0.812
58,0.016550064,1774480309978,307.60974,154.02042,100,3719.9055,30.0,10.0,5900,4683,0.812
59,0.016550064,1774480309978,307.60974,154.02042,100,3701.306,30.0,10.0,6000,4683,0.812
60,0.016550064,1774480309978,307.60974,154.02042,100,3682.7993,30.0,10.0,6100,4683,0.812
61,0.016550064,1774480309978,307.60974,154.02042,100,3664.3853,30.0,10.0,6200,4683,0.812
62,0.016550064,1774480309978,307.60974,154.02042,100,3646.0632,30.0,10.0,6300,4683,0.812
63,0.016550064,1774480309978,307.60974,154.02042,100,3627.833,30.0,10.0,6400,4683,0.812
64,0.016550064,1774480309978,307.60974,154.02042,100,3609.6938,30.0,10.0,6500,4683,0.812
65,0.016550064,1774480309978,307.60974,154.02042,100,3591.6455,30.0,10.0,6600,4683,0.812
66,0.016550064,1774480309978,307.60974,154.02042,100,3573.6873,30.0,10.0,6700,4683,0.812
67,0.016550064,1774480309978,307.60974,154.02042,100,3555.8188,30.0,10.0,6800,4683,0.812
68,0.016550064,1774480309978,307.60974,154.02042,100,3538.0398,30.0,10.0,6900,4683,0.812
69,0.016550064,1774480309978,307.60974,154.02042,100,3520.3496,30.0,10.0,7000,4683,0.812
70,0.016550064,1774480309978,307.60974,154.02042,100,3502.7478,30.0,10.0,7100,4683,0.812
71,0.016550064,1774480309978,307.60974,154.02042,100,3485.2341,30.0,10.0,7200,4683,0.812
72,0.016550064,1774480309978,307.60974,154.02042,100,3467.8079,30.0,10.0,7300,4683,0.812
73,0.016550064,1774480309978,307.60974,154.02042,100,3450.4688,30.0,10.0,7400,4683,0.812
74,0.016550064,1774480309978,307.60974,154.02042,100,3433.2163,30.0,10.0,7500,4683,0.812
75,0.016550064,1774480309978,307.60974,154.02042,100,3416.0503,30.0,10.0,7600,4683,0.812
76,0.016550064,1774480309978,307.60974,154.02042,100,3398.97,30.0,10.0,7700,4683,0.812
77,0.016550064,1774480309978,307.60974,154.02042,100,3381.975,30.0,10.0,7800,4683,0.812
78,0.016550064,1774480309978,307.60974,154.02042,100,3365.0652,30.0,10.0,7900,4683,0.812
79,0.016550064,1774480309978,307.60974,154.02042,100,3348.24,30.0,10.0,8000,4683,0.812
80,0.016550064,1774480309978,307.60974,154.02042,100,3331.4988,30.0,10.0,8100,4683,0.812
81,0.016550064,1774480309978,307.60974,154.02042,100,3314.8413,30.0,10.0,8200,4683,0.812
82,0.016550064,1774480309978,307.60974,154.02042,100,3298.267,30.0,10.0,8300,4683,0.812
83,0.016550064,1774480309978,307.60974,154.02042,100,3281.776,30.0,10.0,8400,4683,0.812
84,0.016550064,1774480309978,307.60974,154.02042,100,3265.367,30.0,10.0,8500,4683,0.812
85,0.016550064,1774480309978,307.60974,154.02042,100,3249.04,30.0,10.0,8600,4683,0.812
86,0.016550064,1774480309978,307.60974,154.02042,100,3232.795,30.0,10.0,8700,4683,0.812
87,0.016550064,1774480309978,307.60974,154.02042,100,3216.6309,30.0,10.0,8800,4683,0.812
88,0.016550064,1774480309978,307.60974,154.02042,100,3200.5476,30.0,10.0,8900,4683,0.812
89,0.016550064,1774480309978,307.60974,154.02042,100,3184.545,30.0,10.0,9000,4683,0.812
90,0.016550064,1774480309978,307.60974,154.02042,100,3168.6223,30.0,10.0,9100,4683,0.812
91,0.016550064,1774480309978,307.60974,154.02042,100,3152.7793,30.0,10.0,9200,4683,0.812
92,0.016550064,1774480309978,307.60974,154.02042,100,3137.0154,30.0,10.0,9300,4683,0.812
93,0.016550064,1774480309978,307.60974,154.02042,100,3121.3303,30.0,10.0,9400,4683,0.812
94,0.016550064,1774480309978,307.60974,154.02042,100,3105.7236,30.0,10.0,9500,4683,0.812
95,0.016550064,1774480309978,307.60974,154.02042,100,3090.195,30.0,10.0,9600,4683,0.812
96,0.016550064,1774480309978,307.60974,154.02042,100,3074.7441,30.0,10.0,9700,4683,0.812
97,0.016550064,1774480309978,307.60974,154.02042,100,3059.3704,30.0,10.0,9800,4683,0.812
98,0.016550064,1774480309978,307.60974,154.02042,100,3044.0735,30.0,10.0,9900,4683,0.812
99,0.016550064,1774480309978,307.60974,154.02042,100,3028.853,30.0,10.0,10000,4683,0.812
100,0.016550064,1774480309978,307.60974,154.02042,100,3013.7087,30.0,10.0,10100,4683,0.812
101,0.009578705,1774480309978,306.83447,153.90524,100,2998.6401,30.0,10.0,10200,10174,1.763
102,0.009578705,1774480309978,306.83447,153.90524,100,2983.647,30.0,10.0,10300,10174,1.763
103,0.009578705,1774480309978,306.83447,153.90524,100,2968.7288,30.0,10.0,10400,10174,1.763
104,0.009578705,1774480309978,306.83447,153.90524,100,2953.885,30.0,10.0,10500,10174,1.763
105,0.009578705,1774480309978,306.83447,153.90524,100,2939.1155,30.0,10.0,10600,10174,1.763
106,0.009578705,1774480309978,306.83447,153.90524,100,2924.42,30.0,10.0,10700,10174,1.763
107,0.009578705,1774480309978,306.83447,153.90524,100,2909.7979,30.0,10.0,10800,10174,1.763
108,0.009578705,1774480309978,306.83447,153.90524,100,2895.2488,30.0,10.0,10900,10174,1.763
109,0.009578705,1774480309978,306.83447,153.90524,100,2880.7725,30.0,10.0,11000,10174,1.763
110,0.009578705,1774480309978,306.83447,153.90524,100,2866.3687,30.0,10.0,11100,10174,1.763
111,0.009578705,1774480309978,306.83447,153.90524,100,2852.0369,30.0,10.0,11200,10174,1.763
112,0.009578705,1774480309978,306.83447,153.90524,100,2837.7766,30.0,10.0,11300,10174,1.763
113,0.009578705,1774480309978,306.83447,153.90524,100,2823.5876,30.0,10.0,11400,10174,1.763
114,0.009578705,1774480309978,306.83447,153.90524,100,2809.4697,30.0,10.0,11500,10174,1.763
115,0.009578705,1774480309978,306.83447,153.90524,100,2795.4224,30.0,10.0,11600,10174,1.763
116,0.009578705,1774480309978,306.83447,153.90524,100,2781.4453,30.0,10.0,11700,10174,1.763
117,0.009578705,1774480309978,306.83447,153.90524,100,2767.538,30.0,10.0,11800,10174,1.763
118,0.009578705,1774480309978,306.83447,153.90524,100,2753.7004,30.0,10.0,11900,10174,1.763
119,0.009578705,1774480309978,306.83447,153.90524,100,2739.932,30.0,10.0,12000,10174,1.763
120,0.0039787292,1774480309978,307.33743,153.81877,100,2726.2322,30.0,10.0,12100,12073,2.122
121,0.0039787292,1774480309978,307.33743,153.81877,100,2712.601,30.0,10.0,12200,12073,2.122
122,0.0039787292,1774480309978,307.33743,153.81877,100,2699.038,30.0,10.0,12300,12073,2.122
123,0.0039787292,1774480309978,307.33743,153.81877,100,2685.543,30.0,10.0,12400,12073,2.122
124,0.0039787292,1774480309978,307.33743,153.81877,100,2672.1152,30.0,10.0,12500,12073,2.122
125,0.0039787292,1774480309978,307.33743,153.81877,100,2658.7546,30.0,10.0,12600,12073,2.122
126,0.0039787292,1774480309978,307.33743,153.81877,100,2645.461,30.0,10.0,12700,12073,2.122
127,0.0039787292,1774480309978,307.33743,153.81877,100,2632.2336,30.0,10.0,12800,12073,2.122
128,0.0039787292,1774480309978,307.33743,153.81877,100,2619.0725,30.0,10.0,12900,12073,2.122
129,0.0039787292,1774480309978,307.33743,153.81877,100,2605.977,30.0,10.0,13000,12073,2.122
130,0.0039787292,1774480309978,307.33743,153.81877,100,2592.9473,30.0,10.0,13100,12073,2.122
131,0.0039787292,1774480309978,307.33743,153.81877,100,2579.9824,30.0,10.0,13200,12073,2.122
132,0.0039787292,1774480309978,307.33743,153.81877,100,2567.0825,30.0,10.0,13300,12073,2.122
133,0.0039787292,1774480309978,307.33743,153.81877,100,2554.247,30.0,10.0,13400,12073,2.122
134,0.0039787292,1774480309978,307.33743,153.81877,100,2541.4758,30.0,10.0,13500,12073,2.122
135,0.0039787292,1774480309978,307.33743,153.81877,100,2528.7686,30.0,10.0,13600,12073,2.122
136,0.0039787292,1774480309978,307.33743,153.81877,100,2516.1248,30.0,10.0,13700,12073,2.122
137,0.0039787292,1774480309978,307.33743,153.81877,100,2503.5442,30.0,10.0,13800,12073,2.122
138,0.0039787292,1774480309978,307.33743,153.81877,100,2491.0264,30.0,10.0,13900,12073,2.122
139,0.0039787292,1774480309978,307.33743,153.81877,100,2478.5713,30.0,10.0,14000,12073,2.122
140,0.0039787292,1774480309978,307.33743,153.81877,100,2466.1785,30.0,10.0,14100,12073,2.122
141,0.0039787292,1774480309978,307.33743,153.81877,100,2453.8477,30.0,10.0,14200,12073,2.122
142,0.0039787292,1774480309978,307.33743,153.81877,100,2441.5784,30.0,10.0,14300,12073,2.122
143,0.0039787292,1774480309978,307.33743,153.81877,100,2429.3706,30.0,10.0,14400,12073,2.122
144,0.0039787292,1774480309978,307.33743,153.81877,100,2417.2239,30.0,10.0,14500,12073,2.122
145,0.0039787292,1774480309978,307.33743,153.81877,100,2405.1377,30.0,10.0,14600,12073,2.122
146,0.0039787292,1774480309978,307.33743,153.81877,100,2393.112,30.0,10.0,14700,12073,2.122
147,0.0039787292,1774480309978,307.33743,153.81877,100,2381.1465,30.0,10.0,14800,12073,2.122
148,0.0039787292,1774480309978,307.33743,153.81877,100,2369.2407,30.0,10.0,14900,12073,2.122
149,0.0039787292,1774480309978,307.33743,153.81877,100,2357.3945,30.0,10.0,15000,12073,2.122
150,0.0039787292,1774480309978,307.33743,153.81877,100,2345.6077,30.0,10.0,15100,12073,2.122
151,0.0039787292,1774480309978,307.33743,153.81877,100,2333.8796,30.0,10.0,15200,12073,2.122
152,0.0039787292,1774480309978,307.33743,153.81877,100,2322.2102,30.0,10.0,15300,12073,2.122
153,0.0039787292,1774480309978,307.33743,153.81877,100,2310.599,30.0,10.0,15400,12073,2.122
154,0.0039787292,1774480309978,307.33743,153.81877,100,2299.0461,30.0,10.0,15500,12073,2.122
155,0.0039787292,1774480309978,307.33743,153.81877,100,2287.551,30.0,10.0,15600,12073,2.122
156,0.0039787292,1774480309978,307.33743,153.81877,100,2276.1133,30.0,10.0,15700,12073,2.122
157,0.0039787292,1774480309978,307.33743,153.81877,100,2264.7327,30.0,10.0,15800,12073,2.122
158,0.0039787292,1774480309978,307.33743,153.81877,100,2253.409,30.0,10.0,15900,12073,2.122
159,0.0039787292,1774480309978,307.33743,153.81877,100,2242.1418,30.0,10.0,16000,12073,2.122
160,0.0039787292,1774480309978,307.33743,153.81877,100,2230.9312,30.0,10.0,16100,12073,2.122
161,0.0039787292,1774480309978,307.33743,153.81877,100,2219.7766,30.0,10.0,16200,12073,2.122
162,0.0039787292,1774480309978,307.33743,153.81877,100,2208.6777,30.0,10.0,16300,12073,2.122
163,0.0039787292,1774480309978,307.33743,153.81877,100,2197.6343,30.0,10.0,16400,12073,2.122
164,0.0039787292,1774480309978,307.33743,153.81877,100,2186.646,30.0,10.0,16500,12073,2.122
165,0.0039787292,1774480309978,307.33743,153.81877,100,2175.713,30.0,10.0,16600,12073,2.122
166,0.0039787292,1774480309978,307.33743,153.81877,100,2164.8342,30.0,10.0,16700,12073,2.122
167,0.0039787292,1774480309978,307.33743,153.81877,100,2154.01,30.0,10.0,16800,12073,2.122
168,0.0039787292,1774480309978,307.33743,153.81877,100,2143.24,30.0,10.0,16900,12073,2.122
169,0.0039787292,1774480309978,307.33743,153.81877,100,2132.5237,30.0,10.0,17000,12073,2.122
170,0.0039787292,1774480309978,307.33743,153.81877,100,2121.861,30.0,10.0,17100,12073,2.122
171,0.0039787292,1774480309978,307.33743,153.81877,100,2111.2517,30.0,10.0,17200,12073,2.122
172,0.0039787292,1774480309978,307.33743,153.81877,100,2100.6956,30.0,10.0,17300,12073,2.122
173,0.0039787292,1774480309978,307.33743,153.81877,100,2090.1921,30.0,10.0,17400,12073,2.122
174,0.0039787292,1774480309978,307.33743,153.81877,100,2079.7412,30.0,10.0,17500,12073,2.122
175,0.0039787292,1774480309978,307.33743,153.81877,100,2069.3425,30.0,10.0,17600,12073,2.122
176,0.0039787292,1774480309978,307.33743,153.81877,100,2058.9958,30.0,10.0,17700,12073,2.122
177,0.0039787292,1774480309978,307.33743,153.81877,100,2048.701,30.0,10.0,17800,12073,2.122
178,0.0039787292,1774480309978,307.33743,153.81877,100,2038.4574,30.0,10.0,17900,12073,2.122
179,0.0039787292,1774480309978,307.33743,153.81877,100,2028.2651,30.0,10.0,18000,12073,2.122
180,0.0039787292,1774480309978,307.33743,153.81877,100,2018.1238,30.0,10.0,18100,12073,2.122
181,0.0039787292,1774480309978,307.33743,153.81877,100,2008.0332,30.0,10.0,18200,12073,2.122
182,0.0039787292,1774480309978,307.33743,153.81877,100,1997.993,30.0,10.0,18300,12073,2.122
183,0.0039787292,1774480309978,307.33743,153.81877,100,1988.003,30.0,10.0,18400,12073,2.122
184,0.0039787292,1774480309978,307.33743,153.81877,100,1978.063,30.0,10.0,18500,12073,2.122
185,0.0039787292,1774480309978,307.33743,153.81877,100,1968.1727,30.0,10.0,18600,12073,2.122
186,0.0039787292,1774480309978,307.33743,153.81877,100,1958.3319,30.0,10.0,18700,12073,2.122
187,0.0039787292,1774480309978,307.33743,153.81877,100,1948.5403,30.0,10.0,18800,12073,2.122
188,0.0039787292,1774480309978,307.33743,153.81877,100,1938.7976,30.0,10.0,18900,12073,2.122
189,0.0039787292,1774480309978,307.33743,153.81877,100,1929.1036,30.0,10.0,19000,12073,2.122
190,0.0039787292,1774480309978,307.33743,153.81877,100,1919.4581,30.0,10.0,19100,12073,2.122
191,0.0039787292,1774480309978,307.33743,153.81877,100,1909.8608,30.0,10.0,19200,12073,2.122
192,0.0039787292,1774480309978,307.33743,153.81877,100,1900.3115,30.0,10.0,19300,12073,2.122
193,0.0039787292,1774480309978,307.33743,153.81877,100,1890.8099,30.0,10.0,19400,12073,2.122
194,0.0039787292,1774480309978,307.33743,153.81877,100,1881.3558,30.0,10.0,19500,12073,2.122
195,0.0039787292,1774480309978,307.33743,153.81877,100,1871.9491,30.0,10.0,19600,12073,2.122
196,0.0039787292,1774480309978,307.33743,153.81877,100,1862.5894,30.0,10.0,19700,12073,2.122
197,0.0039787292,1774480309978,307.33743,153.81877,100,1853.2764,30.0,10.0,19800,12073,2.122
198,0.0039787292,1774480309978,307.33743,153.81877,100,1844.01,30.0,10.0,19900,12073,2.122
199,0.0039787292,1774480309978,307.33743,153.81877,100,1834.7899,30.0,10.0,20000,12073,2.122
200,0.0039787292,1774480309978,307.33743,153.81877,100,1825.616,30.0,10.0,20100,12073,2.122
201,0.0039787292,1774480309978,307.33743,153.81877,100,1816.4879,30.0,10.0,20200,12073,2.122
202,0.0039787292,1774480309978,307.33743,153.81877,100,1807.4055,30.0,10.0,20300,12073,2.122
203,0.0039787292,1774480309978,307.33743,153.81877,100,1798.3685,30.0,10.0,20400,12073,2.122
204,0.0039787292,1774480309978,307.33743,153.81877,100,1789.3767,30.0,10.0,20500,12073,2.122
205,0.0039787292,1774480309978,307.33743,153.81877,100,1780.4298,30.0,10.0,20600,12073,2.122
206,0.0039787292,1774480309978,307.33743,153.81877,100,1771.5277,30.0,10.0,20700,12073,2.122
207,0.0039787292,1774480309978,307.33743,153.81877,100,1762.67,30.0,10.0,20800,12073,2.122
208,0.0039787292,1774480309978,307.33743,153.81877,100,1753.8567,30.0,10.0,20900,12073,2.122
209,0.0039787292,1774480309978,307.33743,153.81877,100,1745.0874,30.0,10.0,21000,12073,2.122
210,0.0039787292,1774480309978,307.33743,153.81877,100,1736.3619,30.0,10.0,21100,12073,2.122
211,0.0039787292,1774480309978,307.33743,153.81877,100,1727.6802,30.0,10.0,21200,12073,2.122
212,0.0039787292,1774480309978,307.33743,153.81877,100,1719.0417,30.0,10.0,21300,12073,2.122
213,0.0039787292,1774480309978,307.33743,153.81877,100,1710.4465,30.0,10.0,21400,12073,2.122
214,0.0039787292,1774480309978,307.33743,153.81877,100,1701.8943,30.0,10.0,21500,12073,2.122
215,0.0039787292,1774480309978,307.33743,153.81877,100,1693.3848,30.0,10.0,21600,12073,2.122
216,0.0039787292,1774480309978,307.33743,153.81877,100,1684.9178,30.0,10.0,21700,12073,2.122
217,0.0039787292,1774480309978,307.33743,153.81877,100,1676.4933,30.0,10.0,21800,12073,2.122
218,0.0039787292,1774480309978,307.33743,153.81877,100,1668.1108,30.0,10.0,21900,12073,2.122
219,0.0039787292,1774480309978,307.33743,153.81877,100,1659.7703,30.0,10.0,22000,12073,2.122
220,0.0039787292,1774480309978,307.33743,153.81877,100,1651.4714,30.0,10.0,22100,12073,2.122
221,0.0039787292,1774480309978,307.33743,153.81877,100,1643.2141,30.0,10.0,22200,12073,2.122
222,0.0039787292,1774480309978,307.33743,153.81877,100,1634.998,30.0,10.0,22300,12073,2.122
223,0.0039787292,1774480309978,307.33743,153.81877,100,1626.8231,30.0,10.0,22400,12073,2.122
224,0.0039787292,1774480309978,307.33743,153.81877,100,1618.689,30.0,10.0,22500,12073,2.122
225,0.0039787292,1774480309978,307.33743,153.81877,100,1610.5956,30.0,10.0,22600,12073,2.122
226,0.0039787292,1774480309978,307.33743,153.81877,100,1602.5426,30.0,10.0,22700,12073,2.122
227,0.0039787292,1774480309978,307.33743,153.81877,100,1594.5299,30.0,10.0,22800,12073,2.122
228,0.0039787292,1774480309978,307.33743,153.81877,100,1586.5573,30.0,10.0,22900,12073,2.122
229,0.0039787292,1774480309978,307.33743,153.81877,100,1578.6245,30.0,10.0,23000,12073,2.122
230,0.0039787292,1774480309978,307.33743,153.81877,100,1570.7314,30.0,10.0,23100,12073,2.122
231,0.0039787292,1774480309978,307.33743,153.81877,100,1562.8778,30.0,10.0,23200,12073,2.122
232,0.0039787292,1774480309978,307.33743,153.81877,100,1555.0635,30.0,10.0,23300,12073,2.122
233,0.0039787292,1774480309978,307.33743,153.81877,100,1547.2882,30.0,10.0,23400,12073,2.122
234,0.0039787292,1774480309978,307.33743,153.81877,100,1539.5518,30.0,10.0,23500,12073,2.122
235,0.0039787292,1774480309978,307.33743,153.81877,100,1531.854,30.0,10.0,23600,12073,2.122
236,0.0039787292,1774480309978,307.33743,153.81877,100,1524.1947,30.0,10.0,23700,12073,2.122
237,0.0039787292,1774480309978,307.33743,153.81877,100,1516.5737,30.0,10.0,23800,12073,2.122
238,0.0039787292,1774480309978,307.33743,153.81877,100,1508.9908,30.0,10.0,23900,12073,2.122
239,0.0039787292,1774480309978,307.33743,153.81877,100,1501.4459,30.0,10.0,24000,12073,2.122
240,0.0039787292,1774480309978,307.33743,153.81877,100,1493.9387,30.0,10.0,24100,12073,2.122
241,0.0029420853,1774480309978,306.80582,153.60532,100,1486.469,30.0,10.0,24200,24105,4.202
242,0.0029420853,1774480309978,306.80582,153.60532,100,1479.0366,30.0,10.0,24300,24105,4.202
243,0.0029420853,1774480309978,306.80582,153.60532,100,1471.6415,30.0,10.0,24400,24105,4.202
244,0.0029420853,1774480309978,306.80582,153.60532,100,1464.2833,30.0,10.0,24500,24105,4.202
245,0.0029420853,1774480309978,306.80582,153.60532,100,1456.9619,30.0,10.0,24600,24105,4.202
246,0.0029420853,1774480309978,306.80582,153.60532,100,1449.6771,30.0,10.0,24700,24105,4.202
247,0.0029420853,1774480309978,306.80582,153.60532,100,1442.4287,30.0,10.0,24800,24105,4.202
248,0.0029420853,1774480309978,306.80582,153.60532,100,1435.2166,30.0,10.0,24900,24105,4.202
249,0.0029420853,1774480309978,306.80582,153.60532,100,1428.0405,30.0,10.0,25000,24105,4.202
250,0.0029420853,1774480309978,306.80582,153.60532,100,1420.9004,30.0,10.0,25100,24105,4.202
251,0.0029420853,1774480309978,306.80582,153.60532,100,1413.7959,30.0,10.0,25200,24105,4.202
252,0.0029420853,1774480309978,306.80582,153.60532,100,1406.7269,30.0,10.0,25300,24105,4.202
253,0.0029420853,1774480309978,306.80582,153.60532,100,1399.6934,30.0,10.0,25400,24105,4.202
254,0.0029420853,1774480309978,306.80582,153.60532,100,1392.695,30.0,10.0,25500,24105,4.202
255,0.0029420853,1774480309978,306.80582,153.60532,100,1385.7314,30.0,10.0,25600,24105,4.202
256,0.0029420853,1774480309978,306.80582,153.60532,100,1378.8027,30.0,10.0,25700,24105,4.202
257,0.0029420853,1774480309978,306.80582,153.60532,100,1371.9087,30.0,10.0,25800,24105,4.202
258,0.0029420853,1774480309978,306.80582,153.60532,100,1365.0492,30.0,10.0,25900,24105,4.202
259,0.0029420853,1774480309978,306.80582,153.60532,100,1358.224,30.0,10.0,26000,24105,4.202
260,0.0029420853,1774480309978,306.80582,153.60532,100,1351.4329,30.0,10.0,26100,24105,4.202
261,0.0029420853,1774480309978,306.80582,153.60532,100,1344.6757,30.0,10.0,26200,24105,4.202
262,0.0029420853,1774480309978,306.80582,153.60532,100,1337.9523,30.0,10.0,26300,24105,4.202
263,0.0029420853,1774480309978,306.80582,153.60532,100,1331.2626,30.0,10.0,26400,24105,4.202
264,0.0029420853,1774480309978,306.80582,153.60532,100,1324.6063,30.0,10.0,26500,24105,4.202
265,0.0029420853,1774480309978,306.80582,153.60532,100,1317.9833,30.0,10.0,26600,24105,4.202
266,0.0029420853,1774480309978,306.80582,153.60532,100,1311.3933,30.0,10.0,26700,24105,4.202
267,0.0029420853,1774480309978,306.80582,153.60532,100,1304.8363,30.0,10.0,26800,24105,4.202
268,0.0029420853,1774480309978,306.80582,153.60532,100,1298.3121,30.0,10.0,26900,24105,4.202
269,0.0029420853,1774480309978,306.80582,153.60532,100,1291.8206,30.0,10.0,27000,24105,4.202
270,0.0029420853,1774480309978,306.80582,153.60532,100,1285.3615,30.0,10.0,27100,24105,4.202
271,0.0029420853,1774480309978,306.80582,153.60532,100,1278.9347,30.0,10.0,27200,24105,4.202
272,0.0029420853,1774480309978,306.80582,153.60532,100,1272.54,30.0,10.0,27300,24105,4.202
273,0.0029420853,1774480309978,306.80582,153.60532,100,1266.1774,30.0,10.0,27400,24105,4.202
274,0.0029420853,1774480309978,306.80582,153.60532,100,1259.8464,30.0,10.0,27500,24105,4.202
275,0.0029420853,1774480309978,306.80582,153.60532,100,1253.5472,30.0,10.0,27600,24105,4.202
276,0.0029420853,1774480309978,306.80582,153.60532,100,1247.2795,30.0,10.0,27700,24105,4.202
277,0.0029420853,1774480309978,306.80582,153.60532,100,1241.0431,30.0,10.0,27800,24105,4.202
278,0.0029420853,1774480309978,306.80582,153.60532,100,1234.8379,30.0,10.0,27900,24105,4.202
279,0.0025501251,1774480309978,306.90802,153.48875,100,1228.6637,30.0,10.0,28000,27966,4.857
280,0.0025501251,1774480309978,306.90802,153.48875,100,1222.5204,30.0,10.0,28100,27966,4.857
281,0.0025501251,1774480309978,306.90802,153.48875,100,1216.4078,30.0,10.0,28200,27966,4.857
282,0.0025501251,1774480309978,306.90802,153.48875,100,1210.3258,30.0,10.0,28300,27966,4.857
283,0.0025501251,1774480309978,306.90802,153.48875,100,1204.2742,30.0,10.0,28400,27966,4.857
284,0.0025501251,1774480309978,306.90802,153.48875,100,1198.2528,30.0,10.0,28500,27966,4.857
285,0.0025501251,1774480309978,306.90802,153.48875,100,1192.2616,30.0,10.0,28600,27966,4.857
286,0.0025501251,1774480309978,306.90802,153.48875,100,1186.3003,30.0,10.0,28700,27966,4.857
287,0.0025501251,1774480309978,306.90802,153.48875,100,1180.3688,30.0,10.0,28800,27966,4.857
288,0.0025501251,1774480309978,306.90802,153.48875,100,1174.4669,30.0,10.0,28900,27966,4.857
289,0.0025501251,1774480309978,306.90802,153.48875,100,1168.5946,30.0,10.0,29000,27966,4.857
290,0.0025501251,1774480309978,306.90802,153.48875,100,1162.7516,30.0,10.0,29100,27966,4.857
291,0.0025501251,1774480309978,306.90802,153.48875,100,1156.9379,30.0,10.0,29200,27966,4.857
292,0.0025501251,1774480309978,306.90802,153.48875,100,1151.1532,30.0,10.0,29300,27966,4.857
293,0.0025501251,1774480309978,306.90802,153.48875,100,1145.3975,30.0,10.0,29400,27966,4.857
294,0.0025501251,1774480309978,306.90802,153.48875,100,1139.6705,30.0,10.0,29500,27966,4.857
295,0.0025501251,1774480309978,306.90802,153.48875,100,1133.9722,30.0,10.0,29600,27966,4.857
296,0.0025501251,1774480309978,306.90802,153.48875,100,1128.3024,30.0,10.0,29700,27966,4.857
297,0.0025501251,1774480309978,306.90802,153.48875,100,1122.6609,30.0,10.0,29800,27966,4.857
298,0.0025501251,1774480309978,306.90802,153.48875,100,1117.0476,30.0,10.0,29900,27966,4.857
299,0.0025501251,1774480309978,306.90802,153.48875,100,1111.4624,30.0,10.0,30000,27966,4.857
300,0.0025501251,1774480309978,306.90802,153.48875,100,1105.9052,30.0,10.0,30100,27966,4.857
301,0.0025501251,1774480309978,306.90802,153.48875,100,1100.3756,30.0,10.0,30200,27966,4.857
302,0.0025501251,1774480309978,306.90802,153.48875,100,1094.8738,30.0,10.0,30300,27966,4.857
303,0.0025501251,1774480309978,306.90802,153.48875,100,1089.3994,30.0,10.0,30400,27966,4.857
304,0.0025501251,1774480309978,306.90802,153.48875,100,1083.9524,30.0,10.0,30500,27966,4.857
305,0.0025501251,1774480309978,306.90802,153.48875,100,1078.5326,30.0,10.0,30600,27966,4.857
306,0.0025501251,1774480309978,306.90802,153.48875,100,1073.1399,30.0,10.0,30700,27966,4.857
307,0.0025501251,1774480309978,306.90802,153.48875,100,1067.7742,30.0,10.0,30800,27966,4.857
308,0.0025501251,1774480309978,306.90802,153.48875,100,1062.4353,30.0,10.0,30900,27966,4.857
309,0.0025501251,1774480309978,306.90802,153.48875,100,1057.1232,30.0,10.0,31000,27966,4.857
310,0.0025501251,1774480309978,306.90802,153.48875,100,1051.8375,30.0,10.0,31100,27966,4.857
311,0.0025501251,1774480309978,306.90802,153.48875,100,1046.5784,30.0,10.0,31200,27966,4.857
312,0.0025501251,1774480309978,306.90802,153.48875,100,1041.3455,30.0,10.0,31300,27966,4.857
313,0.0025501251,1774480309978,306.90802,153.48875,100,1036.1388,30.0,10.0,31400,27966,4.857
314,0.0025501251,1774480309978,306.90802,153.48875,100,1030.9581,30.0,10.0,31500,27966,4.857
315,0.0025501251,1774480309978,306.90802,153.48875,100,1025.8033,30.0,10.0,31600,27966,4.857
316,0.0025501251,1774480309978,306.90802,153.48875,100,1020.6743,30.0,10.0,31700,27966,4.857
317,0.0025501251,1774480309978,306.90802,153.48875,100,1015.5709,30.0,10.0,31800,27966,4.857
318,0.0025501251,1774480309978,306.90802,153.48875,100,1010.4931,30.0,10.0,31900,27966,4.857
319,0.0025501251,1774480309978,306.90802,153.48875,100,1005.4406,30.0,10.0,32000,27966,4.857
320,0.0025501251,1774480309978,306.90802,153.48875,100,1000.4134,30.0,10.0,32100,27966,4.857
321,0.0025501251,1774480309978,306.90802,153.48875,100,995.4113,30.0,10.0,32200,27966,4.857
322,0.0025501251,1774480309978,306.90802,153.48875,100,990.43427,30.0,10.0,32300,27966,4.857
323,0.0025501251,1774480309978,306.90802,153.48875,100,985.4821,30.0,10.0,32400,27966,4.857
324,0.0025501251,1774480309978,306.90802,153.48875,100,980.5547,30.0,10.0,32500,27966,4.857
325,0.0025501251,1774480309978,306.90802,153.48875,100,975.6519,30.0,10.0,32600,27966,4.857
326,0.0025501251,1774480309978,306.90802,153.48875,100,970.7737,30.0,10.0,32700,27966,4.857
327,0.0025501251,1774480309978,306.90802,153.48875,100,965.9198,30.0,10.0,32800,27966,4.857
328,0.0025501251,1774480309978,306.90802,153.48875,100,961.0902,30.0,10.0,32900,27966,4.857
329,0.0025501251,1774480309978,306.90802,153.48875,100,956.2848,30.0,10.0,33000,27966,4.857
330,0.0025501251,1774480309978,306.90802,153.48875,100,951.50336,30.0,10.0,33100,27966,4.857
331,0.0025501251,1774480309978,306.90802,153.48875,100,946.74585,30.0,10.0,33200,27966,4.857
332,0.0025501251,1774480309978,306.90802,153.48875,100,942.01215,30.0,10.0,33300,27966,4.857
333,0.0025501251,1774480309978,306.90802,153.48875,100,937.30206,30.0,10.0,33400,27966,4.857
334,0.0025501251,1774480309978,306.90802,153.48875,100,932.61554,30.0,10.0,33500,27966,4.857
335,0.0025501251,1774480309978,306.90802,153.48875,100,927.95245,30.0,10.0,33600,27966,4.857
336,0.0025501251,1774480309978,306.90802,153.48875,100,923.3127,30.0,10.0,33700,27966,4.857
337,0.0025501251,1774480309978,306.90802,153.48875,100,918.6961,30.0,10.0,33800,27966,4.857
338,0.0025501251,1774480309978,306.90802,153.48875,100,914.1026,30.0,10.0,33900,27966,4.857
339,0.0025501251,1774480309978,306.90802,153.48875,100,909.5321,30.0,10.0,34000,27966,4.857
340,0.0025501251,1774480309978,306.90802,153.48875,100,904.98444,30.0,10.0,34100,27966,4.857
341,0.0025501251,1774480309978,306.90802,153.48875,100,900.45953,30.0,10.0,34200,27966,4.857
342,0.0025501251,1774480309978,306.90802,153.48875,100,895.9572,30.0,10.0,34300,27966,4.857
343,0.0025501251,1774480309978,306.90802,153.48875,100,891.4774,30.0,10.0,34400,27966,4.857
344,0.0025501251,1774480309978,306.90802,153.48875,100,887.02,30.0,10.0,34500,27966,4.857
345,0.0025501251,1774480309978,306.90802,153.48875,100,882.5849,30.0,10.0,34600,27966,4.857
346,0.0025501251,1774480309978,306.90802,153.48875,100,878.172,30.0,10.0,34700,27966,4.857
347,0.0025501251,1774480309978,306.90802,153.48875,100,873.7811,30.0,10.0,34800,27966,4.857
348,0.0025501251,1774480309978,306.90802,153.48875,100,869.41223,30.0,10.0,34900,27966,4.857
349,0.0025501251,1774480309978,306.90802,153.48875,100,865.0652,30.0,10.0,35000,27966,4.857
350,0.0025501251,1774480309978,306.90802,153.48875,100,860.73987,30.0,10.0,35100,27966,4.857
351,0.0025501251,1774480309978,306.90802,153.48875,100,856.43616,30.0,10.0,35200,27966,4.857
352,0.0025501251,1774480309978,306.90802,153.48875,100,852.154,30.0,10.0,35300,27966,4.857
353,0.0025501251,1774480309978,306.90802,153.48875,100,847.89325,30.0,10.0,35400,27966,4.857
354,0.0025501251,1774480309978,306.90802,153.48875,100,843.6538,30.0,10.0,35500,27966,4.857
355,0.0025501251,1774480309978,306.90802,153.48875,100,839.43555,30.0,10.0,35600,27966,4.857
356,0.0025501251,1774480309978,306.90802,153.48875,100,835.2384,30.0,10.0,35700,27966,4.857
357,0.0025501251,1774480309978,306.90802,153.48875,100,831.0622,30.0,10.0,35800,27966,4.857
358,0.0025501251,1774480309978,306.90802,153.48875,100,826.90686,30.0,10.0,35900,27966,4.857
359,0.0025501251,1774480309978,306.90802,153.48875,100,822.77234,30.0,10.0,36000,27966,4.857
360,0.0025501251,1774480309978,306.90802,153.48875,100,818.6585,30.0,10.0,36100,27966,4.857
361,0.0025501251,1774480309978,306.90802,153.48875,100,814.56525,30.0,10.0,36200,27966,4.857
362,0.0025501251,1774480309978,306.90802,153.48875,100,810.49243,30.0,10.0,36300,27966,4.857
363,0.0025501251,1774480309978,306.90802,153.48875,100,806.44,30.0,10.0,36400,27966,4.857
364,0.0025501251,1774480309978,306.90802,153.48875,100,802.4078,30.0,10.0,36500,27966,4.857
365,0.0025501251,1774480309978,306.90802,153.48875,100,798.39575,30.0,10.0,36600,27966,4.857
366,0.0025501251,1774480309978,306.90802,153.48875,100,794.40375,30.0,10.0,36700,27966,4.857
367,0.0025501251,1774480309978,306.90802,153.48875,100,790.43176,30.0,10.0,36800,27966,4.857
368,0.0025501251,1774480309978,306.90802,153.48875,100,786.4796,30.0,10.0,36900,27966,4.857
369,0.0025501251,1774480309978,306.90802,153.48875,100,782.54724,30.0,10.0,37000,27966,4.857
370,0.0025501251,1774480309978,306.90802,153.48875,100,778.6345,30.0,10.0,37100,27966,4.857
371,0.0025501251,1774480309978,306.90802,153.48875,100,774.74133,30.0,10.0,37200,27966,4.857
372,0.0025501251,1774480309978,306.90802,153.48875,100,770.8676,30.0,10.0,37300,27966,4.857
373,0.0025501251,1774480309978,306.90802,153.48875,100,767.0133,30.0,10.0,37400,27966,4.857
374,0.0025501251,1774480309978,306.90802,153.48875,100,763.1782,30.0,10.0,37500,27966,4.857
375,0.0025501251,1774480309978,306.90802,153.48875,100,759.3623,30.0,10.0,37600,27966,4.857
376,0.0025501251,1774480309978,306.90802,153.48875,100,755.5655,30.0,10.0,37700,27966,4.857
377,0.0025501251,1774480309978,306.90802,153.48875,100,751.78766,30.0,10.0,37800,27966,4.857
378,0.0025501251,1774480309978,306.90802,153.48875,100,748.02875,30.0,10.0,37900,27966,4.857
379,0.0025501251,1774480309978,306.90802,153.48875,100,744.28864,30.0,10.0,38000,27966,4.857
380,0.0025501251,1774480309978,306.90802,153.48875,100,740.5672,30.0,10.0,38100,27966,4.857
381,0.0025501251,1774480309978,306.90802,153.48875,100,736.8644,30.0,10.0,38200,27966,4.857
382,0.0025501251,1774480309978,306.90802,153.48875,100,733.18005,30.0,10.0,38300,27966,4.857
383,0.0025501251,1774480309978,306.90802,153.48875,100,729.51416,30.0,10.0,38400,27966,4.857
384,0.0025501251,1774480309978,306.90802,153.48875,100,725.8666,30.0,10.0,38500,27966,4.857
385,0.0025501251,1774480309978,306.90802,153.48875,100,722.23724,30.0,10.0,38600,27966,4.857
386,0.0025501251,1774480309978,306.90802,153.48875,100,718.62604,30.0,10.0,38700,27966,4.857
387,0.0025501251,1774480309978,306.90802,153.48875,100,715.0329,30.0,10.0,38800,27966,4.857
388,0.0025501251,1774480309978,306.90802,153.48875,100,711.45776,30.0,10.0,38900,27966,4.857
389,0.0025501251,1774480309978,306.90802,153.48875,100,707.90045,30.0,10.0,39000,27966,4.857
390,0.0025501251,1774480309978,306.90802,153.48875,100,704.36096,30.0,10.0,39100,27966,4.857
391,0.0025501251,1774480309978,306.90802,153.48875,100,700.8392,30.0,10.0,39200,27966,4.857
392,0.0025501251,1774480309978,306.90802,153.48875,100,697.33496,30.0,10.0,39300,27966,4.857
393,0.0025501251,1774480309978,306.90802,153.48875,100,693.84827,30.0,10.0,39400,27966,4.857
394,0.0025501251,1774480309978,306.90802,153.48875,100,690.379,30.0,10.0,39500,27966,4.857
395,0.0025501251,1774480309978,306.90802,153.48875,100,686.9271,30.0,10.0,39600,27966,4.857
396,0.0025501251,1774480309978,306.90802,153.48875,100,683.4925,30.0,10.0,39700,27966,4.857
397,0.0025501251,1774480309978,306.90802,153.48875,100,680.075,30.0,10.0,39800,27966,4.857
398,0.0025501251,1774480309978,306.90802,153.48875,100,676.6746,30.0,10.0,39900,27966,4.857
399,0.0025501251,1774480309978,306.90802,153.48875,100,673.29126,30.0,10.0,40000,27966,4.857
400,0.0025501251,1774480309978,306.90802,153.48875,100,669.9248,30.0,10.0,40100,27966,4.857
401,0.0025501251,1774480309978,306.90802,153.48875,100,666.5752,30.0,10.0,40200,27966,4.857
402,0.0025501251,1774480309978,306.90802,153.48875,100,663.2423,30.0,10.0,40300,27966,4.857
403,0.0025501251,1774480309978,306.90802,153.48875,100,659.9261,30.0,10.0,40400,27966,4.857
404,0.0025501251,1774480309978,306.90802,153.48875,100,656.62646,30.0,10.0,40500,27966,4.857
405,0.0025501251,1774480309978,306.90802,153.48875,100,653.3433,30.0,10.0,40600,27966,4.857
406,0.0025501251,1774480309978,306.90802,153.48875,100,650.0766,30.0,10.0,40700,27966,4.857
407,0.0025501251,1774480309978,306.90802,153.48875,100,646.82623,30.0,10.0,40800,27966,4.857
408,0.0025501251,1774480309978,306.90802,153.48875,100,643.5921,30.0,10.0,40900,27966,4.857
409,0.0025501251,1774480309978,306.90802,153.48875,100,640.37415,30.0,10.0,41000,27966,4.857
410,0.0025501251,1774480309978,306.90802,153.48875,100,637.1723,30.0,10.0,41100,27966,4.857
411,0.0025501251,1774480309978,306.90802,153.48875,100,633.98645,30.0,10.0,41200,27966,4.857
412,0.0025501251,1774480309978,306.90802,153.48875,100,630.8165,30.0,10.0,41300,27966,4.857
413,0.0025501251,1774480309978,306.90802,153.48875,100,627.6625,30.0,10.0,41400,27966,4.857
414,0.0025501251,1774480309978,306.90802,153.48875,100,624.5242,30.0,10.0,41500,27966,4.857
415,0.0025501251,1774480309978,306.90802,153.48875,100,621.40155,30.0,10.0,41600,27966,4.857
416,0.0025501251,1774480309978,306.90802,153.48875,100,618.29456,30.0,10.0,41700,27966,4.857
417,0.0025501251,1774480309978,306.90802,153.48875,100,615.20306,30.0,10.0,41800,27966,4.857
418,0.0025501251,1774480309978,306.90802,153.48875,100,612.1271,30.0,10.0,41900,27966,4.857
419,0.0025501251,1774480309978,306.90802,153.48875,100,609.06647,30.0,10.0,42000,27966,4.857
420,0.0025501251,1774480309978,306.90802,153.48875,100,606.0211,30.0,10.0,42100,27966,4.857
421,0.0025501251,1774480309978,306.90802,153.48875,100,602.991,30.0,10.0,42200,27966,4.857
422,0.0025501251,1774480309978,306.90802,153.48875,100,599.9761,30.0,10.0,42300,27966,4.857
423,0.0025501251,1774480309978,306.90802,153.48875,100,596.9762,30.0,10.0,42400,27966,4.857
424,0.0025501251,1774480309978,306.90802,153.48875,100,593.99133,30.0,10.0,42500,27966,4.857
425,0.0025501251,1774480309978,306.90802,153.48875,100,591.02136,30.0,10.0,42600,27966,4.857
426,0.0025501251,1774480309978,306.90802,153.48875,100,588.0663,30.0,10.0,42700,27966,4.857
427,0.0025501251,1774480309978,306.90802,153.48875,100,585.126,30.0,10.0,42800,27966,4.857
428,0.0025501251,1774480309978,306.90802,153.48875,100,582.2004,30.0,10.0,42900,27966,4.857
429,0.0025501251,1774480309978,306.90802,153.48875,100,579.28937,30.0,10.0,43000,27966,4.857
430,0.0025501251,1774480309978,306.90802,153.48875,100,576.39294,30.0,10.0,43100,27966,4.857
431,0.0025501251,1774480309978,306.90802,153.48875,100,573.511,30.0,10.0,43200,27966,4.857
432,0.0025501251,1774480309978,306.90802,153.48875,100,570.64343,30.0,10.0,43300,27966,4.857
433,0.0025501251,1774480309978,306.90802,153.48875,100,567.7902,30.0,10.0,43400,27966,4.857
434,0.0025501251,1774480309978,306.90802,153.48875,100,564.9513,30.0,10.0,43500,27966,4.857
435,0.0025501251,1774480309978,306.90802,153.48875,100,562.1265,30.0,10.0,43600,27966,4.857
436,0.0025501251,1774480309978,306.90802,153.48875,100,559.3159,30.0,10.0,43700,27966,4.857
437,0.0025501251,1774480309978,306.90802,153.48875,100,556.51935,30.0,10.0,43800,27966,4.857
438,0.0025501251,1774480309978,306.90802,153.48875,100,553.73676,30.0,10.0,43900,27966,4.857
439,0.0025501251,1774480309978,306.90802,153.48875,100,550.9681,30.0,10.0,44000,27966,4.857
440,0.0025501251,1774480309978,306.90802,153.48875,100,548.21326,30.0,10.0,44100,27966,4.857
441,0.0025501251,1774480309978,306.90802,153.48875,100,545.47217,30.0,10.0,44200,27966,4.857
442,0.0025501251,1774480309978,306.90802,153.48875,100,542.7448,30.0,10.0,44300,27966,4.857
443,0.0025501251,1774480309978,306.90802,153.48875,100,540.03107,30.0,10.0,44400,27966,4.857
444,0.0025501251,1774480309978,306.90802,153.48875,100,537.33093,30.0,10.0,44500,27966,4.857
445,0.0025501251,1774480309978,306.90802,153.48875,100,534.6443,30.0,10.0,44600,27966,4.857
446,0.0025501251,1774480309978,306.90802,153.48875,100,531.97107,30.0,10.0,44700,27966,4.857
447,0.0025501251,1774480309978,306.90802,153.48875,100,529.3112,30.0,10.0,44800,27966,4.857
448,0.0025501251,1774480309978,306.90802,153.48875,100,526.6647,30.0,10.0,44900,27966,4.857
449,0.0025501251,1774480309978,306.90802,153.48875,100,524.0314,30.0,10.0,45000,27966,4.857
450,0.0025501251,1774480309978,306.90802,153.48875,100,521.4112,30.0,10.0,45100,27966,4.857
451,0.0025501251,1774480309978,306.90802,153.48875,100,518.80414,30.0,10.0,45200,27966,4.857
452,0.0025501251,1774480309978,306.90802,153.48875,100,516.21014,30.0,10.0,45300,27966,4.857
453,0.0025501251,1774480309978,306.90802,153.48875,100,513.6291,30.0,10.0,45400,27966,4.857
454,0.0025501251,1774480309978,306.90802,153.48875,100,511.06094,30.0,10.0,45500,27966,4.857
455,0.0025501251,1774480309978,306.90802,153.48875,100,508.50565,30.0,10.0,45600,27966,4.857
456,0.0025501251,1774480309978,306.90802,153.48875,100,505.96313,30.0,10.0,45700,27966,4.857
457,0.0025501251,1774480309978,306.90802,153.48875,100,503.43332,30.0,10.0,45800,27966,4.857
458,0.0025501251,1774480309978,306.90802,153.48875,100,500.91617,30.0,10.0,45900,27966,4.857
459,0.0025501251,1774480309978,306.90802,153.48875,100,498.4116,30.0,10.0,46000,27966,4.857
460,0.0025501251,1774480309978,306.90802,153.48875,100,495.91953,30.0,10.0,46100,27966,4.857
461,0.0025501251,1774480309978,306.90802,153.48875,100,493.43994,30.0,10.0,46200,27966,4.857
462,0.0025501251,1774480309978,306.90802,153.48875,100,490.97275,30.0,10.0,46300,27966,4.857
463,0.0025501251,1774480309978,306.90802,153.48875,100,488.51788,30.0,10.0,46400,27966,4.857
464,0.0025501251,1774480309978,306.90802,153.48875,100,486.0753,30.0,10.0,46500,27966,4.857
465,0.0025501251,1774480309978,306.90802,153.48875,100,483.64493,30.0,10.0,46600,27966,4.857
466,0.0025501251,1774480309978,306.90802,153.48875,100,481.2267,30.0,10.0,46700,27966,4.857
467,0.0025501251,1774480309978,306.90802,153.48875,100,478.8206,30.0,10.0,46800,27966,4.857
468,0.0025501251,1774480309978,306.90802,153.48875,100,476.42648,30.0,10.0,46900,27966,4.857
469,0.0025501251,1774480309978,306.90802,153.48875,100,474.04434,30.0,10.0,47000,27966,4.857
470,0.0025501251,1774480309978,306.90802,153.48875,100,471.67413,30.0,10.0,47100,27966,4.857
471,0.0025501251,1774480309978,306.90802,153.48875,100,469.31577,30.0,10.0,47200,27966,4.857
472,0.0025501251,1774480309978,306.90802,153.48875,100,466.96918,30.0,10.0,47300,27966,4.857
473,0.0025501251,1774480309978,306.90802,153.48875,100,464.63434,30.0,10.0,47400,27966,4.857
474,0.0025501251,1774480309978,306.90802,153.48875,100,462.31116,30.0,10.0,47500,27966,4.857
475,0.0025501251,1774480309978,306.90802,153.48875,100,459.9996,30.0,10.0,47600,27966,4.857
476,0.0025501251,1774480309978,306.90802,153.48875,100,457.69962,30.0,10.0,47700,27966,4.857
477,0.0025501251,1774480309978,306.90802,153.48875,100,455.41113,30.0,10.0,47800,27966,4.857
478,0.0025501251,1774480309978,306.90802,153.48875,100,453.1341,30.0,10.0,47900,27966,4.857
479,0.0025501251,1774480309978,306.90802,153.48875,100,450.86844,30.0,10.0,48000,27966,4.857
480,0.0025501251,1774480309978,306.90802,153.48875,100,448.6141,30.0,10.0,48100,27966,4.857
481,0.0025501251,1774480309978,306.90802,153.48875,100,446.37103,30.0,10.0,48200,27966,4.857
482,0.0025501251,1774480309978,306.90802,153.48875,100,444.1392,30.0,10.0,48300,27966,4.857
483,0.0025501251,1774480309978,306.90802,153.48875,100,441.9185,30.0,10.0,48400,27966,4.857
484,0.0025501251,1774480309978,306.90802,153.48875,100,439.7089,30.0,10.0,48500,27966,4.857
485,0.0025501251,1774480309978,306.90802,153.48875,100,437.51035,30.0,10.0,48600,27966,4.857
486,0.0025501251,1774480309978,306.90802,153.48875,100,435.32278,30.0,10.0,48700,27966,4.857
487,0.0025501251,1774480309978,306.90802,153.48875,100,433.14618,30.0,10.0,48800,27966,4.857
488,0.0025501251,1774480309978,306.90802,153.48875,100,430.98044,30.0,10.0,48900,27966,4.857
489,0.0025501251,1774480309978,306.90802,153.48875,100,428.82553,30.0,10.0,49000,27966,4.857
490,0.0025501251,1774480309978,306.90802,153.48875,100,426.6814,30.0,10.0,49100,27966,4.857
491,0.0025501251,1774480309978,306.90802,153.48875,100,424.548,30.0,10.0,49200,27966,4.857
492,0.0025501251,1774480309978,306.90802,153.48875,100,422.42526,30.0,10.0,49300,27966,4.857
493,0.0025501251,1774480309978,306.90802,153.48875,100,420.31314,30.0,10.0,49400,27966,4.857
494,0.0025501251,1774480309978,306.90802,153.48875,100,418.21158,30.0,10.0,49500,27966,4.857
495,0.0025501251,1774480309978,306.90802,153.48875,100,416.1205,30.0,10.0,49600,27966,4.857
496,0.0025501251,1774480309978,306.90802,153.48875,100,414.03992,30.0,10.0,49700,27966,4.857
497,0.0025501251,1774480309978,306.90802,153.48875,100,411.96973,30.0,10.0,49800,27966,4.857
498,0.0025501251,1774480309978,306.90802,153.48875,100,409.90988,30.0,10.0,49900,27966,4.857
499,0.0025501251,1774480309978,306.90802,153.48875,100,407.86032,30.0,10.0,50000,27966,4.857
500,0.0025501251,1774480309978,306.90802,153.48875,100,405.821,30.0,10.0,50100,27966,4.857
501,0.0025501251,1774480309978,306.90802,153.48875,100,403.7919,30.0,10.0,50200,27966,4.857
502,0.0025501251,1774480309978,306.90802,153.48875,100,401.77295,30.0,10.0,50300,27966,4.857
503,0.0025501251,1774480309978,306.90802,153.48875,100,399.7641,30.0,10.0,50400,27966,4.857
504,0.0025501251,1774480309978,306.90802,153.48875,100,397.7653,30.0,10.0,50500,27966,4.857
505,0.0025501251,1774480309978,306.90802,153.48875,100,395.77646,30.0,10.0,50600,27966,4.857
506,0.0025501251,1774480309978,306.90802,153.48875,100,393.79758,30.0,10.0,50700,27966,4.857
507,0.0025501251,1774480309978,306.90802,153.48875,100,391.82858,30.0,10.0,50800,27966,4.857
508,0.0025501251,1774480309978,306.90802,153.48875,100,389.86945,30.0,10.0,50900,27966,4.857
509,0.0025501251,1774480309978,306.90802,153.48875,100,387.9201,30.0,10.0,51000,27966,4.857
510,0.0025501251,1774480309978,306.90802,153.48875,100,385.9805,30.0,10.0,51100,27966,4.857
511,0.0025501251,1774480309978,306.90802,153.48875,100,384.0506,30.0,10.0,51200,27966,4.857
512,0.0025501251,1774480309978,306.90802,153.48875,100,382.13034,30.0,10.0,51300,27966,4.857
513,0.0025501251,1774480309978,306.90802,153.48875,100,380.2197,30.0,10.0,51400,27966,4.857
514,0.0025501251,1774480309978,306.90802,153.48875,100,378.3186,30.0,10.0,51500,27966,4.857
515,0.0025501251,1774480309978,306.90802,153.48875,100,376.427,30.0,10.0,51600,27966,4.857
516,0.0025501251,1774480309978,306.90802,153.48875,100,374.54486,30.0,10.0,51700,27966,4.857
517,0.0025501251,1774480309978,306.90802,153.48875,100,372.67215,30.0,10.0,51800,27966,4.857
518,0.0025501251,1774480309978,306.90802,153.48875,100,370.80878,30.0,10.0,51900,27966,4.857
519,0.0025501251,1774480309978,306.90802,153.48875,100,368.95474,30.0,10.0,52000,27966,4.857
520,0.0025501251,1774480309978,306.90802,153.48875,100,367.11,30.0,10.0,52100,27966,4.857
521,0.0025501251,1774480309978,306.90802,153.48875,100,365.27444,30.0,10.0,52200,27966,4.857
522,0.0025501251,1774480309978,306.90802,153.48875,100,363.44806,30.0,10.0,52300,27966,4.857
523,0.0025501251,1774480309978,306.90802,153.48875,100,361.63083,30.0,10.0,52400,27966,4.857
524,0.0025501251,1774480309978,306.90802,153.48875,100,359.82266,30.0,10.0,52500,27966,4.857
525,0.0025501251,1774480309978,306.90802,153.48875,100,358.02356,30.0,10.0,52600,27966,4.857
526,0.0025501251,1774480309978,306.90802,153.48875,100,356.23343,30.0,10.0,52700,27966,4.857
527,0.0025501251,1774480309978,306.90802,153.48875,100,354.45227,30.0,10.0,52800,27966,4.857
528,0.0025501251,1774480309978,306.90802,153.48875,100,352.68002,30.0,10.0,52900,27966,4.857
529,0.0025501251,1774480309978,306.90802,153.48875,100,350.91663,30.0,10.0,53000,27966,4.857
530,0.0025501251,1774480309978,306.90802,153.48875,100,349.16205,30.0,10.0,53100,27966,4.857
531,0.0025501251,1774480309978,306.90802,153.48875,100,347.41623,30.0,10.0,53200,27966,4.857
532,0.0025501251,1774480309978,306.90802,153.48875,100,345.67914,30.0,10.0,53300,27966,4.857
533,0.0025501251,1774480309978,306.90802,153.48875,100,343.95074,30.0,10.0,53400,27966,4.857
534,0.0025501251,1774480309978,306.90802,153.48875,100,342.231,30.0,10.0,53500,27966,4.857
535,0.0025501251,1774480309978,306.90802,153.48875,100,340.51984,30.0,10.0,53600,27966,4.857
536,0.0025501251,1774480309978,306.90802,153.48875,100,338.81723,30.0,10.0,53700,27966,4.857
537,0.0025501251,1774480309978,306.90802,153.48875,100,337.12314,30.0,10.0,53800,27966,4.857
538,0.0025501251,1774480309978,306.90802,153.48875,100,335.43753,30.0,10.0,53900,27966,4.857
539,0.0025501251,1774480309978,306.90802,153.48875,100,333.76035,30.0,10.0,54000,27966,4.857
540,0.0025501251,1774480309978,306.90802,153.48875,100,332.09155,30.0,10.0,54100,27966,4.857
541,0.0025501251,1774480309978,306.90802,153.48875,100,330.4311,30.0,10.0,54200,27966,4.857
542,0.0025501251,1774480309978,306.90802,153.48875,100,328.77893,30.0,10.0,54300,27966,4.857
543,0.0025501251,1774480309978,306.90802,153.48875,100,327.13504,30.0,10.0,54400,27966,4.857
544,0.0025501251,1774480309978,306.90802,153.48875,100,325.49936,30.0,10.0,54500,27966,4.857
545,0.0025501251,1774480309978,306.90802,153.48875,100,323.87186,30.0,10.0,54600,27966,4.857
546,0.0025501251,1774480309978,306.90802,153.48875,100,322.2525,30.0,10.0,54700,27966,4.857
547,0.0025501251,1774480309978,306.90802,153.48875,100,320.64124,30.0,10.0,54800,27966,4.857
548,0.0025501251,1774480309978,306.90802,153.48875,100,319.03802,30.0,10.0,54900,27966,4.857
549,0.0025501251,1774480309978,306.90802,153.48875,100,317.44284,30.0,10.0,55000,27966,4.857
550,0.0025501251,1774480309978,306.90802,153.48875,100,315.85562,30.0,10.0,55100,27966,4.857
551,0.0025501251,1774480309978,306.90802,153.48875,100,314.27634,30.0,10.0,55200,27966,4.857
552,0.0025501251,1774480309978,306.90802,153.48875,100,312.70496,30.0,10.0,55300,27966,4.857
553,0.0025501251,1774480309978,306.90802,153.48875,100,311.14142,30.0,10.0,55400,27966,4.857
554,0.0025501251,1774480309978,306.90802,153.48875,100,309.58572,30.0,10.0,55500,27966,4.857
555,0.0025501251,1774480309978,306.90802,153.48875,100,308.0378,30.0,10.0,55600,27966,4.857
556,0.0025501251,1774480309978,306.90802,153.48875,100,306.49762,30.0,10.0,55700,27966,4.857
557,0.0025501251,1774480309978,306.90802,153.48875,100,304.96512,30.0,10.0,55800,27966,4.857
558,0.0025501251,1774480309978,306.90802,153.48875,100,303.4403,30.0,10.0,55900,27966,4.857
559,0.0025501251,1774480309978,306.90802,153.48875,100,301.9231,30.0,10.0,56000,27966,4.857
560,0.0025501251,1774480309978,306.90802,153.48875,100,300.41348,30.0,10.0,56100,27966,4.857
561,0.0025501251,1774480309978,306.90802,153.48875,100,298.9114,30.0,10.0,56200,27966,4.857
562,0.0025501251,1774480309978,306.90802,153.48875,100,297.41684,30.0,10.0,56300,27966,4.857
563,0.0025501251,1774480309978,306.90802,153.48875,100,295.92975,30.0,10.0,56400,27966,4.857
564,0.0025501251,1774480309978,306.90802,153.48875,100,294.4501,30.0,10.0,56500,27966,4.857
565,0.0025501251,1774480309978,306.90802,153.48875,100,292.97784,30.0,10.0,56600,27966,4.857
566,0.0025501251,1774480309978,306.90802,153.48875,100,291.51297,30.0,10.0,56700,27966,4.857
567,0.0025501251,1774480309978,306.90802,153.48875,100,290.05542,30.0,10.0,56800,27966,4.857
568,0.0025501251,1774480309978,306.90802,153.48875,100,288.60513,30.0,10.0,56900,27966,4.857
569,0.0025501251,1774480309978,306.90802,153.48875,100,287.1621,30.0,10.0,57000,27966,4.857
570,0.0025501251,1774480309978,306.90802,153.48875,100,285.7263,30.0,10.0,57100,27966,4.857
571,0.0025501251,1774480309978,306.90802,153.48875,100,284.29767,30.0,10.0,57200,27966,4.857
572,0.0025501251,1774480309978,306.90802,153.48875,100,282.8762,30.0,10.0,57300,27966,4.857
573,0.0025501251,1774480309978,306.90802,153.48875,100,281.46182,30.0,10.0,57400,27966,4.857
574,0.0025501251,1774480309978,306.90802,153.48875,100,280.0545,30.0,10.0,57500,27966,4.857
575,0.0025501251,1774480309978,306.90802,153.48875,100,278.65424,30.0,10.0,57600,27966,4.857
