iteracion,fitness,gbestx,gbesty,poblacion,tasa_mutacion,fuerza_mutacion,tam_torneo,evals,evals to best,tiempo_al_mejor
0,1.3892384,408.10892,151.3631,100,0.1,55.0,3,100,62,0.004
1,1.3892384,408.10892,151.3631,100,0.1,55.0,3,200,62,0.004
2,0.63132954,312.586,152.5244,100,0.1,55.0,3,300,243,0.026
3,0.63132954,312.586,152.5244,100,0.1,55.0,3,400,243,0.026
4,0.45448017,303.43454,155.17606,100,0.1,55.0,3,500,412,0.065
5,0.45448017,303.43454,155.17606,100,0.1,55.0,3,600,412,0.065
6,0.45448017,303.43454,155.17606,100,0.1,55.0,3,700,412,0.065
7,0.45448017,303.43454,155.17606,100,0.1,55.0,3,800,412,0.065
8,0.25710773,308.94183,155.22734,100,0.1,55.0,3,900,855,0.129
9,0.25710773,308.94183,155.22734,100,0.1,55.0,3,1000,855,0.129
10,0.25710773,308.94183,155.22734,100,0.1,55.0,3,1100,855,0.129
11,0.0654335,305.35675,153.72687,100,0.1,55.0,3,1200,1118,0.18
12,0.0654335,305.35675,153.72687,100,0.1,55.0,3,1300,1118,0.18
13,0.0654335,305.35675,153.72687,100,0.1,55.0,3,1400,1118,0.18
14,0.0654335,305.35675,153.72687,100,0.1,55.0,3,1500,1118,0.18
15,0.040005684,308.62036,153.75674,100,0.1,55.0,3,1600,1528,0.247
16,0.0023670197,306.98856,153.7418,100,0.1,55.0,3,1700,1643,0.264
17,0.0023670197,306.98856,153.7418,100,0.1,55.0,3,1800,1643,0.264
18,0.0023670197,306.98856,153.7418,100,0.1,55.0,3,1900,1643,0.264
19,0.0023670197,306.98856,153.7418,100,0.1,55.0,3,2000,1643,0.264
20,0.0023670197,306.98856,153.7418,100,0.1,55.0,3,2100,1643,0.264
21,0.0023670197,306.98856,153.7418,100,0.1,55.0,3,2200,1643,0.264
22,0.0023670197,306.98856,153.7418,100,0.1,55.0,3,2300,1643,0.264
23,0.0022935867,307.1233,153.7698,100,0.1,55.0,3,2400,2377,0.38
24,0.0022935867,307.1233,153.7698,100,0.1,55.0,3,2500,2377,0.38
25,0.0022935867,307.1233,153.7698,100,0.1,55.0,3,2600,2377,0.38
26,0.0022935867,307.1233,153.7698,100,0.1,55.0,3,2700,2377,0.38
27,0.0022935867,307.1233,153.7698,100,0.1,55.0,3,2800,2377,0.38
28,0.0022935867,307.1233,153.7698,100,0.1,55.0,3,2900,2377,0.38
29,0.0022935867,307.1233,153.7698,100,0.1,55.0,3,3000,2377,0.38
30,0.0022935867,307.1233,153.7698,100,0.1,55.0,3,3100,2377,0.38
31,0.0022935867,307.1233,153.7698,100,0.1,55.0,3,3200,2377,0.38
32,0.0022935867,307.1233,153.7698,100,0.1,55.0,3,3300,2377,0.38
33,0.0022935867,307.1233,153.7698,100,0.1,55.0,3,3400,2377,0.38
34,0.0022935867,307.1233,153.7698,100,0.1,55.0,3,3500,2377,0.38
35,0.0022935867,307.1233,153.7698,100,0.1,55.0,3,3600,2377,0.38
36,0.0022935867,307.1233,153.7698,100,0.1,55.0,3,3700,2377,0.38
37,0.0022935867,307.1233,153.7698,100,0.1,55.0,3,3800,2377,0.38
38,0.0022935867,307.1233,153.7698,100,0.1,55.0,3,3900,2377,0.38
39,0.0022935867,307.1233,153.7698,100,0.1,55.0,3,4000,2377,0.38
40,0.0022935867,307.1233,153.7698,100,0.1,55.0,3,4100,2377,0.38
41,0.0022935867,307.1233,153.7698,100,0.1,55.0,3,4200,2377,0.38
42,0.0022935867,307.1233,153.7698,100,0.1,55.0,3,4300,2377,0.38
43,0.0022935867,307.1233,153.7698,100,0.1,55.0,3,4400,2377,0.38
44,0.0022935867,307.1233,153.7698,100,0.1,55.0,3,4500,2377,0.38
45,0.0022935867,307.1233,153.7698,100,0.1,55.0,3,4600,2377,0.38
46,0.0022935867,307.1233,153.7698,100,0.1,55.0,3,4700,2377,0.38
47,0.0022935867,307.1233,153.7698,100,0.1,55.0,3,4800,2377,0.38
48,0.0022935867,307.1233,153.7698,100,0.1,55.0,3,4900,2377,0.38
49,0.0022935867,307.1233,153.7698,100,0.1,55.0,3,5000,2377,0.38
50,0.0022935867,307.1233,153.7698,100,0.1,55.0,3,5100,2377,0.38
51,0.0022935867,307.1233,153.7698,100,0.1,55.0,3,5200,2377,0.38
52,0.0022935867,307.1233,153.7698,100,0.1,55.0,3,5300,2377,0.38
53,0.0022935867,307.1233,153.7698,100,0.1,55.0,3,5400,2377,0.38
54,0.0022935867,307.1233,153.7698,100,0.1,55.0,3,5500,2377,0.38
55,0.0022935867,307.1233,153.7698,100,0.1,55.0,3,5600,2377,0.38
56,0.0022935867,307.1233,153.7698,100,0.1,55.0,3,5700,2377,0.38
57,0.0022935867,307.1233,153.7698,100,0.1,55.0,3,5800,2377,0.38
58,0.0022935867,307.1233,153.7698,100,0.1,55.0,3,5900,2377,0.38
59,0.0022935867,307.1233,153.7698,100,0.1,55.0,3,6000,2377,0.38
60,0.0022935867,307.1233,153.7698,100,0.1,55.0,3,6100,2377,0.38
61,0.0022935867,307.1233,153.7698,100,0.1,55.0,3,6200,2377,0.38
62,0.0022935867,307.1233,153.7698,100,0.1,55.0,3,6300,2377,0.38
63,0.0022935867,307.1233,153.7698,100,0.1,55.0,3,6400,2377,0.38
64,0.0022935867,307.1233,153.7698,100,0.1,55.0,3,6500,2377,0.38
65,0.0022935867,307.1233,153.7698,100,0.1,55.0,3,6600,2377,0.38
66,0.0022935867,307.1233,153.7698,100,0.1,55.0,3,6700,2377,0.38
67,0.0022935867,307.1233,153.7698,100,0.1,55.0,3,6800,2377,0.38
68,0.0022935867,307.1233,153.7698,100,0.1,55.0,3,6900,2377,0.38
69,0.0022935867,307.1233,153.7698,100,0.1,55.0,3,7000,2377,0.38
70,0.0022935867,307.1233,153.7698,100,0.1,55.0,3,7100,2377,0.38
71,0.0022935867,307.1233,153.7698,100,0.1,55.0,3,7200,2377,0.38
72,0.0022935867,307.1233,153.7698,100,0.1,55.0,3,7300,2377,0.38
73,0.0022935867,307.1233,153.7698,100,0.1,55.0,3,7400,2377,0.38
74,0.0022935867,307.1233,153.7698,100,0.1,55.0,3,7500,2377,0.38
75,0.0022935867,307.1233,153.7698,100,0.1,55.0,3,7600,2377,0.38
76,0.0022935867,307.1233,153.7698,100,0.1,55.0,3,7700,2377,0.38
77,0.0022935867,307.1233,153.7698,100,0.1,55.0,3,7800,2377,0.38
78,0.0022935867,307.1233,153.7698,100,0.1,55.0,3,7900,2377,0.38
79,0.0022935867,307.1233,153.7698,100,0.1,55.0,3,8000,2377,0.38
80,0.0022935867,307.1233,153.7698,100,0.1,55.0,3,8100,2377,0.38
81,0.0022935867,307.1233,153.7698,100,0.1,55.0,3,8200,2377,0.38
82,0.0022935867,307.1233,153.7698,100,0.1,55.0,3,8300,2377,0.38
83,0.0022935867,307.1233,153.7698,100,0.1,55.0,3,8400,2377,0.38
84,0.0022935867,307.1233,153.7698,100,0.1,55.0,3,8500,2377,0.38
85,0.0022935867,307.1233,153.7698,100,0.1,55.0,3,8600,2377,0.38
86,0.0022935867,307.1233,153.7698,100,0.1,55.0,3,8700,2377,0.38
87,0.0022935867,307.1233,153.7698,100,0.1,55.0,3,8800,2377,0.38
88,0.0022935867,307.1233,153.7698,100,0.1,55.0,3,8900,2377,0.38
89,0.0022935867,307.1233,153.7698,100,0.1,55.0,3,9000,2377,0.38
90,0.0022935867,307.1233,153.7698,100,0.1,55.0,3,9100,2377,0.38
91,0.0022935867,307.1233,153.7698,100,0.1,55.0,3,9200,2377,0.38
92,0.0022935867,307.1233,153.7698,100,0.1,55.0,3,9300,2377,0.38
93,0.0022935867,307.1233,153.7698,100,0.1,55.0,3,9400,2377,0.38
94,0.0022935867,307.1233,153.7698,100,0.1,55.0,3,9500,2377,0.38
95,0.0022935867,307.1233,153.7698,100,0.1,55.0,3,9600,2377,0.38
96,0.0022935867,307.1233,153.7698,100,0.1,55.0,3,9700,2377,0.38
97,0.0022935867,307.1233,153.7698,100,0.1,55.0,3,9800,2377,0.38
98,0.0022935867,307.1233,153.7698,100,0.1,55.0,3,9900,2377,0.38
99,0.0022935867,307.1233,153.7698,100,0.1,55.0,3,10000,2377,0.38
100,0.0022935867,307.1233,153.7698,100,0.1,55.0,3,10100,2377,0.38
101,0.0022935867,307.1233,153.7698,100,0.1,55.0,3,10200,2377,0.38
102,0.0022935867,307.1233,153.7698,100,0.1,55.0,3,10300,2377,0.38
103,0.0022935867,307.1233,153.7698,100,0.1,55.0,3,10400,2377,0.38
104,0.0022935867,307.1233,153.7698,100,0.1,55.0,3,10500,2377,0.38
105,0.0022935867,307.1233,153.7698,100,0.1,55.0,3,10600,2377,0.38
106,0.0022935867,307.1233,153.7698,100,0.1,55.0,3,10700,2377,0.38
107,0.0022935867,307.1233,153.7698,100,0.1,55.0,3,10800,2377,0.38
108,0.0022935867,307.1233,153.7698,100,0.1,55.0,3,10900,2377,0.38
109,0.0022935867,307.1233,153.7698,100,0.1,55.0,3,11000,2377,0.38
110,0.0022935867,307.1233,153.7698,100,0.1,55.0,3,11100,2377,0.38
111,0.0022935867,307.1233,153.7698,100,0.1,55.0,3,11200,2377,0.38
112,0.0022935867,307.1233,153.7698,100,0.1,55.0,3,11300,2377,0.38
113,0.0022935867,307.1233,153.7698,100,0.1,55.0,3,11400,2377,0.38
114,0.0022935867,307.1233,153.7698,100,0.1,55.0,3,11500,2377,0.38
115,0.0022935867,307.1233,153.7698,100,0.1,55.0,3,11600,2377,0.38
116,0.0022935867,307.1233,153.7698,100,0.1,55.0,3,11700,2377,0.38
117,0.0022935867,307.1233,153.7698,100,0.1,55.0,3,11800,2377,0.38
118,0.0022935867,307.1233,153.7698,100,0.1,55.0,3,11900,2377,0.38
119,0.0022935867,307.1233,153.7698,100,0.1,55.0,3,12000,2377,0.38
120,0.0022935867,307.1233,153.7698,100,0.1,55.0,3,12100,2377,0.38
121,0.0022935867,307.1233,153.7698,100,0.1,55.0,3,12200,2377,0.38
122,0.0022935867,307.1233,153.7698,100,0.1,55.0,3,12300,2377,0.38
123,0.0022935867,307.1233,153.7698,100,0.1,55.0,3,12400,2377,0.38
124,0.0022935867,307.1233,153.7698,100,0.1,55.0,3,12500,2377,0.38
125,0.0022935867,307.1233,153.7698,100,0.1,55.0,3,12600,2377,0.38
126,0.0022935867,307.1233,153.7698,100,0.1,55.0,3,12700,2377,0.38
127,0.0022935867,307.1233,153.7698,100,0.1,55.0,3,12800,2377,0.38
128,0.0022935867,307.1233,153.7698,100,0.1,55.0,3,12900,2377,0.38
129,0.0022935867,307.1233,153.7698,100,0.1,55.0,3,13000,2377,0.38
130,0.0022935867,307.1233,153.7698,100,0.1,55.0,3,13100,2377,0.38
131,0.0022935867,307.1233,153.7698,100,0.1,55.0,3,13200,2377,0.38
132,0.0022935867,307.1233,153.7698,100,0.1,55.0,3,13300,2377,0.38
133,0.0022935867,307.1233,153.7698,100,0.1,55.0,3,13400,2377,0.38
134,0.0022935867,307.1233,153.7698,100,0.1,55.0,3,13500,2377,0.38
135,0.0022935867,307.1233,153.7698,100,0.1,55.0,3,13600,2377,0.38
136,0.0022935867,307.1233,153.7698,100,0.1,55.0,3,13700,2377,0.38
137,0.0022935867,307.1233,153.7698,100,0.1,55.0,3,13800,2377,0.38
138,0.0022935867,307.1233,153.7698,100,0.1,55.0,3,13900,2377,0.38
139,0.0022935867,307.1233,153.7698,100,0.1,55.0,3,14000,2377,0.38
140,0.0022935867,307.1233,153.7698,100,0.1,55.0,3,14100,2377,0.38
141,0.0022935867,307.1233,153.7698,100,0.1,55.0,3,14200,2377,0.38
142,0.0022935867,307.1233,153.7698,100,0.1,55.0,3,14300,2377,0.38
143,0.0022935867,307.1233,153.7698,100,0.1,55.0,3,14400,2377,0.38
144,0.0022935867,307.1233,153.7698,100,0.1,55.0,3,14500,2377,0.38
145,0.0022935867,307.1233,153.7698,100,0.1,55.0,3,14600,2377,0.38
146,0.0022935867,307.1233,153.7698,100,0.1,55.0,3,14700,2377,0.38
147,0.0022935867,307.1233,153.7698,100,0.1,55.0,3,14800,2377,0.38
148,0.0022935867,307.1233,153.7698,100,0.1,55.0,3,14900,2377,0.38
149,0.0022935867,307.1233,153.7698,100,0.1,55.0,3,15000,2377,0.38
150,0.0022935867,307.1233,153.7698,100,0.1,55.0,3,15100,2377,0.38
151,0.0022935867,307.1233,153.7698,100,0.1,55.0,3,15200,2377,0.38
152,0.0022935867,307.1233,153.7698,100,0.1,55.0,3,15300,2377,0.38
153,0.0022935867,307.1233,153.7698,100,0.1,55.0,3,15400,2377,0.38
154,0.0022935867,307.1233,153.7698,100,0.1,55.0,3,15500,2377,0.38
155,0.0022935867,307.1233,153.7698,100,0.1,55.0,3,15600,2377,0.38
156,0.0022935867,307.1233,153.7698,100,0.1,55.0,3,15700,2377,0.38
157,0.0022935867,307.1233,153.7698,100,0.1,55.0,3,15800,2377,0.38
158,0.0022935867,307.1233,153.7698,100,0.1,55.0,3,15900,2377,0.38
159,0.0022935867,307.1233,153.7698,100,0.1,55.0,3,16000,2377,0.38
160,0.0022935867,307.1233,153.7698,100,0.1,55.0,3,16100,2377,0.38
161,0.0022935867,307.1233,153.7698,100,0.1,55.0,3,16200,2377,0.38
162,0.0022935867,307.1233,153.7698,100,0.1,55.0,3,16300,2377,0.38
163,0.0022935867,307.1233,153.7698,100,0.1,55.0,3,16400,2377,0.38
164,0.0022935867,307.1233,153.7698,100,0.1,55.0,3,16500,2377,0.38
165,0.0022935867,307.1233,153.7698,100,0.1,55.0,3,16600,2377,0.38
166,0.0022935867,307.1233,153.7698,100,0.1,55.0,3,16700,2377,0.38
167,0.0022935867,307.1233,153.7698,100,0.1,55.0,3,16800,2377,0.38
168,0.0022935867,307.1233,153.7698,100,0.1,55.0,3,16900,2377,0.38
169,0.0022935867,307.1233,153.7698,100,0.1,55.0,3,17000,2377,0.38
170,0.0022935867,307.1233,153.7698,100,0.1,55.0,3,17100,2377,0.38
171,0.0022935867,307.1233,153.7698,100,0.1,55.0,3,17200,2377,0.38
172,0.0022935867,307.1233,153.7698,100,0.1,55.0,3,17300,2377,0.38
173,0.0022935867,307.1233,153.7698,100,0.1,55.0,3,17400,2377,0.38
174,0.0022935867,307.1233,153.7698,100,0.1,55.0,3,17500,2377,0.38
175,0.0022935867,307.1233,153.7698,100,0.1,55.0,3,17600,2377,0.38
176,0.0022935867,307.1233,153.7698,100,0.1,55.0,3,17700,2377,0.38
177,0.0022935867,307.1233,153.7698,100,0.1,55.0,3,17800,2377,0.38
178,0.0022935867,307.1233,153.7698,100,0.1,55.0,3,17900,2377,0.38
179,0.0022935867,307.1233,153.7698,100,0.1,55.0,3,18000,2377,0.38
180,0.0022935867,307.1233,153.7698,100,0.1,55.0,3,18100,2377,0.38
181,0.0022935867,307.1233,153.7698,100,0.1,55.0,3,18200,2377,0.38
182,0.0022935867,307.1233,153.7698,100,0.1,55.0,3,18300,2377,0.38
183,0.0022935867,307.1233,153.7698,100,0.1,55.0,3,18400,2377,0.38
184,0.0022935867,307.1233,153.7698,100,0.1,55.0,3,18500,2377,0.38
185,0.0022935867,307.1233,153.7698,100,0.1,55.0,3,18600,2377,0.38
186,0.0022935867,307.1233,153.7698,100,0.1,55.0,3,18700,2377,0.38
187,0.0022935867,307.1233,153.7698,100,0.1,55.0,3,18800,2377,0.38
188,0.0022935867,307.1233,153.7698,100,0.1,55.0,3,18900,2377,0.38
189,0.0022935867,307.1233,153.7698,100,0.1,55.0,3,19000,2377,0.38
190,0.0022935867,307.1233,153.7698,100,0.1,55.0,3,19100,2377,0.38
191,0.0022935867,307.1233,153.7698,100,0.1,55.0,3,19200,2377,0.38
192,0.0022935867,307.1233,153.7698,100,0.1,55.0,3,19300,2377,0.38
193,0.0022935867,307.1233,153.7698,100,0.1,55.0,3,19400,2377,0.38
194,0.0022935867,307.1233,153.7698,100,0.1,55.0,3,19500,2377,0.38
195,0.0022935867,307.1233,153.7698,100,0.1,55.0,3,19600,2377,0.38
196,0.0022935867,307.1233,153.7698,100,0.1,55.0,3,19700,2377,0.38
197,0.0022935867,307.1233,153.7698,100,0.1,55.0,3,19800,2377,0.38
198,0.0022935867,307.1233,153.7698,100,0.1,55.0,3,19900,2377,0.38
199,0.0022935867,307.1233,153.7698,100,0.1,55.0,3,20000,2377,0.38
200,0.0022935867,307.1233,153.7698,100,0.1,55.0,3,20100,2377,0.38
201,0.0022935867,307.1233,153.7698,100,0.1,55.0,3,20200,2377,0.38
202,0.0022935867,307.1233,153.7698,100,0.1,55.0,3,20300,2377,0.38
203,0.0022935867,307.1233,153.7698,100,0.1,55.0,3,20400,2377,0.38
204,0.0022935867,307.1233,153.7698,100,0.1,55.0,3,20500,2377,0.38
205,0.0022935867,307.1233,153.7698,100,0.1,55.0,3,20600,2377,0.38
206,0.0022935867,307.1233,153.7698,100,0.1,55.0,3,20700,2377,0.38
207,0.0022935867,307.1233,153.7698,100,0.1,55.0,3,20800,2377,0.38
208,0.0022935867,307.1233,153.7698,100,0.1,55.0,3,20900,2377,0.38
209,0.0022935867,307.1233,153.7698,100,0.1,55.0,3,21000,2377,0.38
210,0.0022935867,307.1233,153.7698,100,0.1,55.0,3,21100,2377,0.38
211,0.0022935867,307.1233,153.7698,100,0.1,55.0,3,21200,2377,0.38
212,0.0022935867,307.1233,153.7698,100,0.1,55.0,3,21300,2377,0.38
213,0.0022935867,307.1233,153.7698,100,0.1,55.0,3,21400,2377,0.38
214,0.0022935867,307.1233,153.7698,100,0.1,55.0,3,21500,2377,0.38
215,0.0022935867,307.1233,153.7698,100,0.1,55.0,3,21600,2377,0.38
216,0.0022935867,307.1233,153.7698,100,0.1,55.0,3,21700,2377,0.38
217,0.0022935867,307.1233,153.7698,100,0.1,55.0,3,21800,2377,0.38
218,0.0022935867,307.1233,153.7698,100,0.1,55.0,3,21900,2377,0.38
219,0.0022935867,307.1233,153.7698,100,0.1,55.0,3,22000,2377,0.38
220,0.0022935867,307.1233,153.7698,100,0.1,55.0,3,22100,2377,0.38
221,0.0022935867,307.1233,153.7698,100,0.1,55.0,3,22200,2377,0.38
222,0.0022935867,307.1233,153.7698,100,0.1,55.0,3,22300,2377,0.38
223,0.0022935867,307.1233,153.7698,100,0.1,55.0,3,22400,2377,0.38
224,0.0022935867,307.1233,153.7698,100,0.1,55.0,3,22500,2377,0.38
225,0.0022935867,307.1233,153.7698,100,0.1,55.0,3,22600,2377,0.38
226,0.0022935867,307.1233,153.7698,100,0.1,55.0,3,22700,2377,0.38
227,0.0022935867,307.1233,153.7698,100,0.1,55.0,3,22800,2377,0.38
228,0.0022935867,307.1233,153.7698,100,0.1,55.0,3,22900,2377,0.38
229,0.0022935867,307.1233,153.7698,100,0.1,55.0,3,23000,2377,0.38
230,0.0022935867,307.1233,153.7698,100,0.1,55.0,3,23100,2377,0.38
231,0.0022935867,307.1233,153.7698,100,0.1,55.0,3,23200,2377,0.38
232,0.0022935867,307.1233,153.7698,100,0.1,55.0,3,23300,2377,0.38
233,0.0022935867,307.1233,153.7698,100,0.1,55.0,3,23400,2377,0.38
234,0.0022935867,307.1233,153.7698,100,0.1,55.0,3,23500,2377,0.38
235,0.0022935867,307.1233,153.7698,100,0.1,55.0,3,23600,2377,0.38
236,0.0022935867,307.1233,153.7698,100,0.1,55.0,3,23700,2377,0.38
237,0.0022935867,307.1233,153.7698,100,0.1,55.0,3,23800,2377,0.38
238,0.0022935867,307.1233,153.7698,100,0.1,55.0,3,23900,2377,0.38
239,0.0022935867,307.1233,153.7698,100,0.1,55.0,3,24000,2377,0.38
240,0.0022935867,307.1233,153.7698,100,0.1,55.0,3,24100,2377,0.38
241,0.0022935867,307.1233,153.7698,100,0.1,55.0,3,24200,2377,0.38
242,0.0022935867,307.1233,153.7698,100,0.1,55.0,3,24300,2377,0.38
243,0.0022935867,307.1233,153.7698,100,0.1,55.0,3,24400,2377,0.38
244,0.0022935867,307.1233,153.7698,100,0.1,55.0,3,24500,2377,0.38
245,0.0022935867,307.1233,153.7698,100,0.1,55.0,3,24600,2377,0.38
246,0.0022935867,307.1233,153.7698,100,0.1,55.0,3,24700,2377,0.38
247,0.0022935867,307.1233,153.7698,100,0.1,55.0,3,24800,2377,0.38
248,0.0022935867,307.1233,153.7698,100,0.1,55.0,3,24900,2377,0.38
249,0.0022935867,307.1233,153.7698,100,0.1,55.0,3,25000,2377,0.38
250,0.0022935867,307.1233,153.7698,100,0.1,55.0,3,25100,2377,0.38
251,0.0022935867,307.1233,153.7698,100,0.1,55.0,3,25200,2377,0.38
252,0.0022935867,307.1233,153.7698,100,0.1,55.0,3,25300,2377,0.38
253,0.0022935867,307.1233,153.7698,100,0.1,55.0,3,25400,2377,0.38
254,0.0022935867,307.1233,153.7698,100,0.1,55.0,3,25500,2377,0.38
255,0.0022935867,307.1233,153.7698,100,0.1,55.0,3,25600,2377,0.38
256,0.0022935867,307.1233,153.7698,100,0.1,55.0,3,25700,2377,0.38
257,0.0022935867,307.1233,153.7698,100,0.1,55.0,3,25800,2377,0.38
258,0.0022935867,307.1233,153.7698,100,0.1,55.0,3,25900,2377,0.38
259,0.0022935867,307.1233,153.7698,100,0.1,55.0,3,26000,2377,0.38
260,0.0022935867,307.1233,153.7698,100,0.1,55.0,3,26100,2377,0.38
261,0.0022935867,307.1233,153.7698,100,0.1,55.0,3,26200,2377,0.38
262,0.0022935867,307.1233,153.7698,100,0.1,55.0,3,26300,2377,0.38
263,0.0022935867,307.1233,153.7698,100,0.1,55.0,3,26400,2377,0.38
264,0.0022935867,307.1233,153.7698,100,0.1,55.0,3,26500,2377,0.38
265,0.0022935867,307.1233,153.7698,100,0.1,55.0,3,26600,2377,0.38
266,0.0022935867,307.1233,153.7698,100,0.1,55.0,3,26700,2377,0.38
267,0.0022935867,307.1233,153.7698,100,0.1,55.0,3,26800,2377,0.38
268,0.0022935867,307.1233,153.7698,100,0.1,55.0,3,26900,2377,0.38
269,0.0022935867,307.1233,153.7698,100,0.1,55.0,3,27000,2377,0.38
270,0.0022935867,307.1233,153.7698,100,0.1,55.0,3,27100,2377,0.38
271,0.0022935867,307.1233,153.7698,100,0.1,55.0,3,27200,2377,0.38
272,0.0022935867,307.1233,153.7698,100,0.1,55.0,3,27300,2377,0.38
273,0.0022935867,307.1233,153.7698,100,0.1,55.0,3,27400,2377,0.38
274,0.0022935867,307.1233,153.7698,100,0.1,55.0,3,27500,2377,0.38
275,0.0022935867,307.1233,153.7698,100,0.1,55.0,3,27600,2377,0.38
276,0.0022935867,307.1233,153.7698,100,0.1,55.0,3,27700,2377,0.38
277,0.0022935867,307.1233,153.7698,100,0.1,55.0,3,27800,2377,0.38
278,0.0022935867,307.1233,153.7698,100,0.1,55.0,3,27900,2377,0.38
279,0.0022935867,307.1233,153.7698,100,0.1,55.0,3,28000,2377,0.38
280,0.0022935867,307.1233,153.7698,100,0.1,55.0,3,28100,2377,0.38
281,0.0022935867,307.1233,153.7698,100,0.1,55.0,3,28200,2377,0.38
282,0.0022935867,307.1233,153.7698,100,0.1,55.0,3,28300,2377,0.38
283,0.0022935867,307.1233,153.7698,100,0.1,55.0,3,28400,2377,0.38
284,0.0022935867,307.1233,153.7698,100,0.1,55.0,3,28500,2377,0.38
285,0.0022935867,307.1233,153.7698,100,0.1,55.0,3,28600,2377,0.38
286,0.0022935867,307.1233,153.7698,100,0.1,55.0,3,28700,2377,0.38
287,0.0022935867,307.1233,153.7698,100,0.1,55.0,3,28800,2377,0.38
288,0.0022935867,307.1233,153.7698,100,0.1,55.0,3,28900,2377,0.38
289,0.0022935867,307.1233,153.7698,100,0.1,55.0,3,29000,2377,0.38
290,0.0022935867,307.1233,153.7698,100,0.1,55.0,3,29100,2377,0.38
291,0.0022935867,307.1233,153.7698,100,0.1,55.0,3,29200,2377,0.38
292,0.0022935867,307.1233,153.7698,100,0.1,55.0,3,29300,2377,0.38
293,0.0022935867,307.1233,153.7698,100,0.1,55.0,3,29400,2377,0.38
294,0.0022935867,307.1233,153.7698,100,0.1,55.0,3,29500,2377,0.38
295,0.0022935867,307.1233,153.7698,100,0.1,55.0,3,29600,2377,0.38
296,0.0022935867,307.1233,153.7698,100,0.1,55.0,3,29700,2377,0.38
297,0.0022935867,307.1233,153.7698,100,0.1,55.0,3,29800,2377,0.38
298,0.0022935867,307.1233,153.7698,100,0.1,55.0,3,29900,2377,0.38
299,0.0022935867,307.1233,153.7698,100,0.1,55.0,3,30000,2377,0.38
300,0.0022935867,307.1233,153.7698,100,0.1,55.0,3,30100,2377,0.38
301,0.0022935867,307.1233,153.7698,100,0.1,55.0,3,30200,2377,0.38
302,0.0022935867,307.1233,153.7698,100,0.1,55.0,3,30300,2377,0.38
303,0.0022935867,307.1233,153.7698,100,0.1,55.0,3,30400,2377,0.38
304,0.0022935867,307.1233,153.7698,100,0.1,55.0,3,30500,2377,0.38
305,0.0022935867,307.1233,153.7698,100,0.1,55.0,3,30600,2377,0.38
306,0.0022935867,307.1233,153.7698,100,0.1,55.0,3,30700,2377,0.38
307,0.0022935867,307.1233,153.7698,100,0.1,55.0,3,30800,2377,0.38
308,0.0022935867,307.1233,153.7698,100,0.1,55.0,3,30900,2377,0.38
309,0.0022935867,307.1233,153.7698,100,0.1,55.0,3,31000,2377,0.38
310,0.0022935867,307.1233,153.7698,100,0.1,55.0,3,31100,2377,0.38
311,0.0022935867,307.1233,153.7698,100,0.1,55.0,3,31200,2377,0.38
312,0.0022935867,307.1233,153.7698,100,0.1,55.0,3,31300,2377,0.38
313,0.0022935867,307.1233,153.7698,100,0.1,55.0,3,31400,2377,0.38
314,0.0022935867,307.1233,153.7698,100,0.1,55.0,3,31500,2377,0.38
315,0.0022935867,307.1233,153.7698,100,0.1,55.0,3,31600,2377,0.38
316,0.0022935867,307.1233,153.7698,100,0.1,55.0,3,31700,2377,0.38
317,0.0022935867,307.1233,153.7698,100,0.1,55.0,3,31800,2377,0.38
318,0.0022935867,307.1233,153.7698,100,0.1,55.0,3,31900,2377,0.38
319,0.0022935867,307.1233,153.7698,100,0.1,55.0,3,32000,2377,0.38
320,0.0022935867,307.1233,153.7698,100,0.1,55.0,3,32100,2377,0.38
321,0.0022935867,307.1233,153.7698,100,0.1,55.0,3,32200,2377,0.38
322,0.0022935867,307.1233,153.7698,100,0.1,55.0,3,32300,2377,0.38
323,0.0022935867,307.1233,153.7698,100,0.1,55.0,3,32400,2377,0.38
324,0.0022935867,307.1233,153.7698,100,0.1,55.0,3,32500,2377,0.38
325,0.0022935867,307.1233,153.7698,100,0.1,55.0,3,32600,2377,0.38
326,0.0022935867,307.1233,153.7698,100,0.1,55.0,3,32700,2377,0.38
327,0.0022935867,307.1233,153.7698,100,0.1,55.0,3,32800,2377,0.38
328,0.0022935867,307.1233,153.7698,100,0.1,55.0,3,32900,2377,0.38
329,0.0022935867,307.1233,153.7698,100,0.1,55.0,3,33000,2377,0.38
330,0.0022935867,307.1233,153.7698,100,0.1,55.0,3,33100,2377,0.38
331,0.0022935867,307.1233,153.7698,100,0.1,55.0,3,33200,2377,0.38
332,0.0022935867,307.1233,153.7698,100,0.1,55.0,3,33300,2377,0.38
333,0.0022935867,307.1233,153.7698,100,0.1,55.0,3,33400,2377,0.38
334,0.0022935867,307.1233,153.7698,100,0.1,55.0,3,33500,2377,0.38
335,0.0022935867,307.1233,153.7698,100,0.1,55.0,3,33600,2377,0.38
336,0.0022935867,307.1233,153.7698,100,0.1,55.0,3,33700,2377,0.38
337,0.0022935867,307.1233,153.7698,100,0.1,55.0,3,33800,2377,0.38
338,0.0022935867,307.1233,153.7698,100,0.1,55.0,3,33900,2377,0.38
339,0.0022935867,307.1233,153.7698,100,0.1,55.0,3,34000,2377,0.38
340,0.0022935867,307.1233,153.7698,100,0.1,55.0,3,34100,2377,0.38
341,0.0022935867,307.1233,153.7698,100,0.1,55.0,3,34200,2377,0.38
342,0.0022935867,307.1233,153.7698,100,0.1,55.0,3,34300,2377,0.38
343,0.0022935867,307.1233,153.7698,100,0.1,55.0,3,34400,2377,0.38
344,0.0022935867,307.1233,153.7698,100,0.1,55.0,3,34500,2377,0.38
345,0.0022935867,307.1233,153.7698,100,0.1,55.0,3,34600,2377,0.38
346,0.0022935867,307.1233,153.7698,100,0.1,55.0,3,34700,2377,0.38
347,0.0022935867,307.1233,153.7698,100,0.1,55.0,3,34800,2377,0.38
348,0.0022935867,307.1233,153.7698,100,0.1,55.0,3,34900,2377,0.38
349,0.0022935867,307.1233,153.7698,100,0.1,55.0,3,35000,2377,0.38
350,0.0022935867,307.1233,153.7698,100,0.1,55.0,3,35100,2377,0.38
351,0.0022935867,307.1233,153.7698,100,0.1,55.0,3,35200,2377,0.38
352,0.0022935867,307.1233,153.7698,100,0.1,55.0,3,35300,2377,0.38
353,0.0022935867,307.1233,153.7698,100,0.1,55.0,3,35400,2377,0.38
354,0.0022935867,307.1233,153.7698,100,0.1,55.0,3,35500,2377,0.38
355,0.0022935867,307.1233,153.7698,100,0.1,55.0,3,35600,2377,0.38
356,0.0022935867,307.1233,153.7698,100,0.1,55.0,3,35700,2377,0.38
357,0.0022935867,307.1233,153.7698,100,0.1,55.0,3,35800,2377,0.38
358,0.0022935867,307.1233,153.7698,100,0.1,55.0,3,35900,2377,0.38
359,0.0022935867,307.1233,153.7698,100,0.1,55.0,3,36000,2377,0.38
360,0.0022935867,307.1233,153.7698,100,0.1,55.0,3,36100,2377,0.38
361,0.0022935867,307.1233,153.7698,100,0.1,55.0,3,36200,2377,0.38
362,0.0022935867,307.1233,153.7698,100,0.1,55.0,3,36300,2377,0.38
363,0.0022935867,307.1233,153.7698,100,0.1,55.0,3,36400,2377,0.38
364,0.0022935867,307.1233,153.7698,100,0.1,55.0,3,36500,2377,0.38
365,0.0022935867,307.1233,153.7698,100,0.1,55.0,3,36600,2377,0.38
366,0.0022935867,307.1233,153.7698,100,0.1,55.0,3,36700,2377,0.38
367,0.0022935867,307.1233,153.7698,100,0.1,55.0,3,36800,2377,0.38
368,0.0022935867,307.1233,153.7698,100,0.1,55.0,3,36900,2377,0.38
369,0.0022935867,307.1233,153.7698,100,0.1,55.0,3,37000,2377,0.38
370,0.0022935867,307.1233,153.7698,100,0.1,55.0,3,37100,2377,0.38
371,0.0022935867,307.1233,153.7698,100,0.1,55.0,3,37200,2377,0.38
372,0.0022935867,307.1233,153.7698,100,0.1,55.0,3,37300,2377,0.38
373,0.0022935867,307.1233,153.7698,100,0.1,55.0,3,37400,2377,0.38
374,0.0022935867,307.1233,153.7698,100,0.1,55.0,3,37500,2377,0.38
375,0.0022935867,307.1233,153.7698,100,0.1,55.0,3,37600,2377,0.38
376,0.0022935867,307.1233,153.7698,100,0.1,55.0,3,37700,2377,0.38
377,0.0022935867,307.1233,153.7698,100,0.1,55.0,3,37800,2377,0.38
378,0.0022935867,307.1233,153.7698,100,0.1,55.0,3,37900,2377,0.38
379,0.0022935867,307.1233,153.7698,100,0.1,55.0,3,38000,2377,0.38
380,0.0022935867,307.1233,153.7698,100,0.1,55.0,3,38100,2377,0.38
381,0.0022935867,307.1233,153.7698,100,0.1,55.0,3,38200,2377,0.38
382,0.0022935867,307.1233,153.7698,100,0.1,55.0,3,38300,2377,0.38
383,0.0022935867,307.1233,153.7698,100,0.1,55.0,3,38400,2377,0.38
384,0.0022935867,307.1233,153.7698,100,0.1,55.0,3,38500,2377,0.38
385,0.0022935867,307.1233,153.7698,100,0.1,55.0,3,38600,2377,0.38
386,0.0022935867,307.1233,153.7698,100,0.1,55.0,3,38700,2377,0.38
387,0.0022935867,307.1233,153.7698,100,0.1,55.0,3,38800,2377,0.38
388,0.0022935867,307.1233,153.7698,100,0.1,55.0,3,38900,2377,0.38
389,0.0022935867,307.1233,153.7698,100,0.1,55.0,3,39000,2377,0.38
390,0.0022935867,307.1233,153.7698,100,0.1,55.0,3,39100,2377,0.38
391,0.0022935867,307.1233,153.7698,100,0.1,55.0,3,39200,2377,0.38
392,0.0022935867,307.1233,153.7698,100,0.1,55.0,3,39300,2377,0.38
393,0.0022935867,307.1233,153.7698,100,0.1,55.0,3,39400,2377,0.38
394,0.0022935867,307.1233,153.7698,100,0.1,55.0,3,39500,2377,0.38
395,0.0022935867,307.1233,153.7698,100,0.1,55.0,3,39600,2377,0.38
396,0.0022935867,307.1233,153.7698,100,0.1,55.0,3,39700,2377,0.38
397,0.0022935867,307.1233,153.7698,100,0.1,55.0,3,39800,2377,0.38
398,0.0022935867,307.1233,153.7698,100,0.1,55.0,3,39900,2377,0.38
399,0.0022935867,307.1233,153.7698,100,0.1,55.0,3,40000,2377,0.38
400,0.0022935867,307.1233,153.7698,100,0.1,55.0,3,40100,2377,0.38
401,0.0022935867,307.1233,153.7698,100,0.1,55.0,3,40200,2377,0.38
402,0.0022935867,307.1233,153.7698,100,0.1,55.0,3,40300,2377,0.38
403,0.0022935867,307.1233,153.7698,100,0.1,55.0,3,40400,2377,0.38
404,0.0022935867,307.1233,153.7698,100,0.1,55.0,3,40500,2377,0.38
405,0.0022935867,307.1233,153.7698,100,0.1,55.0,3,40600,2377,0.38
406,0.0022935867,307.1233,153.7698,100,0.1,55.0,3,40700,2377,0.38
407,0.0022935867,307.1233,153.7698,100,0.1,55.0,3,40800,2377,0.38
408,0.0022935867,307.1233,153.7698,100,0.1,55.0,3,40900,2377,0.38
409,0.0022935867,307.1233,153.7698,100,0.1,55.0,3,41000,2377,0.38
410,0.0022935867,307.1233,153.7698,100,0.1,55.0,3,41100,2377,0.38
411,0.0022935867,307.1233,153.7698,100,0.1,55.0,3,41200,2377,0.38
412,0.0022935867,307.1233,153.7698,100,0.1,55.0,3,41300,2377,0.38
413,0.0022935867,307.1233,153.7698,100,0.1,55.0,3,41400,2377,0.38
414,0.0022935867,307.1233,153.7698,100,0.1,55.0,3,41500,2377,0.38
415,0.0022935867,307.1233,153.7698,100,0.1,55.0,3,41600,2377,0.38
416,0.0022935867,307.1233,153.7698,100,0.1,55.0,3,41700,2377,0.38
417,0.0022935867,307.1233,153.7698,100,0.1,55.0,3,41800,2377,0.38
418,0.0022935867,307.1233,153.7698,100,0.1,55.0,3,41900,2377,0.38
419,0.0022935867,307.1233,153.7698,100,0.1,55.0,3,42000,2377,0.38
420,0.0022935867,307.1233,153.7698,100,0.1,55.0,3,42100,2377,0.38
421,0.0022935867,307.1233,153.7698,100,0.1,55.0,3,42200,2377,0.38
422,0.0022935867,307.1233,153.7698,100,0.1,55.0,3,42300,2377,0.38
423,0.0022935867,307.1233,153.7698,100,0.1,55.0,3,42400,2377,0.38
424,0.0022935867,307.1233,153.7698,100,0.1,55.0,3,42500,2377,0.38
425,0.0022935867,307.1233,153.7698,100,0.1,55.0,3,42600,2377,0.38
426,0.0022935867,307.1233,153.7698,100,0.1,55.0,3,42700,2377,0.38
427,0.0022935867,307.1233,153.7698,100,0.1,55.0,3,42800,2377,0.38
428,0.0022935867,307.1233,153.7698,100,0.1,55.0,3,42900,2377,0.38
429,0.0022935867,307.1233,153.7698,100,0.1,55.0,3,43000,2377,0.38
430,0.0022935867,307.1233,153.7698,100,0.1,55.0,3,43100,2377,0.38
431,0.0022935867,307.1233,153.7698,100,0.1,55.0,3,43200,2377,0.38
432,0.0022935867,307.1233,153.7698,100,0.1,55.0,3,43300,2377,0.38
433,0.0022935867,307.1233,153.7698,100,0.1,55.0,3,43400,2377,0.38
434,0.0022935867,307.1233,153.7698,100,0.1,55.0,3,43500,2377,0.38
435,0.0022935867,307.1233,153.7698,100,0.1,55.0,3,43600,2377,0.38
436,0.0022935867,307.1233,153.7698,100,0.1,55.0,3,43700,2377,0.38
437,0.0022935867,307.1233,153.7698,100,0.1,55.0,3,43800,2377,0.38
438,0.0022935867,307.1233,153.7698,100,0.1,55.0,3,43900,2377,0.38
439,0.0022935867,307.1233,153.7698,100,0.1,55.0,3,44000,2377,0.38
440,0.0022935867,307.1233,153.7698,100,0.1,55.0,3,44100,2377,0.38
441,0.0022935867,307.1233,153.7698,100,0.1,55.0,3,44200,2377,0.38
442,0.0022935867,307.1233,153.7698,100,0.1,55.0,3,44300,2377,0.38
443,0.0022935867,307.1233,153.7698,100,0.1,55.0,3,44400,2377,0.38
444,0.0022935867,307.1233,153.7698,100,0.1,55.0,3,44500,2377,0.38
445,0.0022935867,307.1233,153.7698,100,0.1,55.0,3,44600,2377,0.38
446,0.0022935867,307.1233,153.7698,100,0.1,55.0,3,44700,2377,0.38
447,0.0022935867,307.1233,153.7698,100,0.1,55.0,3,44800,2377,0.38
448,0.0022935867,307.1233,153.7698,100,0.1,55.0,3,44900,2377,0.38
449,0.0022935867,307.1233,153.7698,100,0.1,55.0,3,45000,2377,0.38
450,0.0022935867,307.1233,153.7698,100,0.1,55.0,3,45100,2377,0.38
451,0.0022935867,307.1233,153.7698,100,0.1,55.0,3,45200,2377,0.38
452,0.0022935867,307.1233,153.7698,100,0.1,55.0,3,45300,2377,0.38
453,0.0022935867,307.1233,153.7698,100,0.1,55.0,3,45400,2377,0.38
454,0.0022935867,307.1233,153.7698,100,0.1,55.0,3,45500,2377,0.38
455,0.0022935867,307.1233,153.7698,100,0.1,55.0,3,45600,2377,0.38
456,0.0022935867,307.1233,153.7698,100,0.1,55.0,3,45700,2377,0.38
457,0.0022935867,307.1233,153.7698,100,0.1,55.0,3,45800,2377,0.38
458,0.0022935867,307.1233,153.7698,100,0.1,55.0,3,45900,2377,0.38
459,0.0022935867,307.1233,153.7698,100,0.1,55.0,3,46000,2377,0.38
460,0.0022935867,307.1233,153.7698,100,0.1,55.0,3,46100,2377,0.38
461,0.0022935867,307.1233,153.7698,100,0.1,55.0,3,46200,2377,0.38
462,0.0022935867,307.1233,153.7698,100,0.1,55.0,3,46300,2377,0.38
463,0.0022935867,307.1233,153.7698,100,0.1,55.0,3,46400,2377,0.38
464,0.0022935867,307.1233,153.7698,100,0.1,55.0,3,46500,2377,0.38
465,0.0022935867,307.1233,153.7698,100,0.1,55.0,3,46600,2377,0.38
466,0.0022935867,307.1233,153.7698,100,0.1,55.0,3,46700,2377,0.38
467,0.0022935867,307.1233,153.7698,100,0.1,55.0,3,46800,2377,0.38
468,0.0022935867,307.1233,153.7698,100,0.1,55.0,3,46900,2377,0.38
469,0.0022935867,307.1233,153.7698,100,0.1,55.0,3,47000,2377,0.38
470,0.0022935867,307.1233,153.7698,100,0.1,55.0,3,47100,2377,0.38
471,0.0022935867,307.1233,153.7698,100,0.1,55.0,3,47200,2377,0.38
472,0.0022935867,307.1233,153.7698,100,0.1,55.0,3,47300,2377,0.38
473,0.0022935867,307.1233,153.7698,100,0.1,55.0,3,47400,2377,0.38
474,0.0022935867,307.1233,153.7698,100,0.1,55.0,3,47500,2377,0.38
475,0.0022935867,307.1233,153.7698,100,0.1,55.0,3,47600,2377,0.38
476,0.0022935867,307.1233,153.7698,100,0.1,55.0,3,47700,2377,0.38
477,0.0022935867,307.1233,153.7698,100,0.1,55.0,3,47800,2377,0.38
478,0.0022935867,307.1233,153.7698,100,0.1,55.0,3,47900,2377,0.38
479,0.0022935867,307.1233,153.7698,100,0.1,55.0,3,48000,2377,0.38
480,0.0022935867,307.1233,153.7698,100,0.1,55.0,3,48100,2377,0.38
481,0.0022935867,307.1233,153.7698,100,0.1,55.0,3,48200,2377,0.38
482,0.0022935867,307.1233,153.7698,100,0.1,55.0,3,48300,2377,0.38
483,0.0022935867,307.1233,153.7698,100,0.1,55.0,3,48400,2377,0.38
484,0.0022935867,307.1233,153.7698,100,0.1,55.0,3,48500,2377,0.38
485,0.0022935867,307.1233,153.7698,100,0.1,55.0,3,48600,2377,0.38
486,0.0022935867,307.1233,153.7698,100,0.1,55.0,3,48700,2377,0.38
487,0.0022935867,307.1233,153.7698,100,0.1,55.0,3,48800,2377,0.38
488,0.0022935867,307.1233,153.7698,100,0.1,55.0,3,48900,2377,0.38
489,0.0022935867,307.1233,153.7698,100,0.1,55.0,3,49000,2377,0.38
490,0.0022935867,307.1233,153.7698,100,0.1,55.0,3,49100,2377,0.38
491,0.0022935867,307.1233,153.7698,100,0.1,55.0,3,49200,2377,0.38
492,0.0022935867,307.1233,153.7698,100,0.1,55.0,3,49300,2377,0.38
493,0.0022935867,307.1233,153.7698,100,0.1,55.0,3,49400,2377,0.38
494,0.0022935867,307.1233,153.7698,100,0.1,55.0,3,49500,2377,0.38
495,0.0022935867,307.1233,153.7698,100,0.1,55.0,3,49600,2377,0.38
496,0.0022935867,307.1233,153.7698,100,0.1,55.0,3,49700,2377,0.38
497,0.0022935867,307.1233,153.7698,100,0.1,55.0,3,49800,2377,0.38
498,0.0022935867,307.1233,153.7698,100,0.1,55.0,3,49900,2377,0.38
499,0.0022935867,307.1233,153.7698,100,0.1,55.0,3,50000,2377,0.38
500,0.0022935867,307.1233,153.7698,100,0.1,55.0,3,50100,2377,0.38
501,0.0022935867,307.1233,153.7698,100,0.1,55.0,3,50200,2377,0.38
502,0.0022935867,307.1233,153.7698,100,0.1,55.0,3,50300,2377,0.38
503,0.0022935867,307.1233,153.7698,100,0.1,55.0,3,50400,2377,0.38
504,0.0022935867,307.1233,153.7698,100,0.1,55.0,3,50500,2377,0.38
505,0.0022935867,307.1233,153.7698,100,0.1,55.0,3,50600,2377,0.38
506,0.0022935867,307.1233,153.7698,100,0.1,55.0,3,50700,2377,0.38
507,0.0022935867,307.1233,153.7698,100,0.1,55.0,3,50800,2377,0.38
508,0.0022935867,307.1233,153.7698,100,0.1,55.0,3,50900,2377,0.38
509,0.0022935867,307.1233,153.7698,100,0.1,55.0,3,51000,2377,0.38
510,0.0022935867,307.1233,153.7698,100,0.1,55.0,3,51100,2377,0.38
511,0.0022935867,307.1233,153.7698,100,0.1,55.0,3,51200,2377,0.38
512,0.0022935867,307.1233,153.7698,100,0.1,55.0,3,51300,2377,0.38
513,0.0022935867,307.1233,153.7698,100,0.1,55.0,3,51400,2377,0.38
514,0.0022935867,307.1233,153.7698,100,0.1,55.0,3,51500,2377,0.38
515,0.0022935867,307.1233,153.7698,100,0.1,55.0,3,51600,2377,0.38
516,0.0022935867,307.1233,153.7698,100,0.1,55.0,3,51700,2377,0.38
517,0.0022935867,307.1233,153.7698,100,0.1,55.0,3,51800,2377,0.38
518,0.0022935867,307.1233,153.7698,100,0.1,55.0,3,51900,2377,0.38
519,0.0022935867,307.1233,153.7698,100,0.1,55.0,3,52000,2377,0.38
520,0.0022935867,307.1233,153.7698,100,0.1,55.0,3,52100,2377,0.38
521,0.0022935867,307.1233,153.7698,100,0.1,55.0,3,52200,2377,0.38
522,0.0022935867,307.1233,153.7698,100,0.1,55.0,3,52300,2377,0.38
523,0.0022935867,307.1233,153.7698,100,0.1,55.0,3,52400,2377,0.38
524,0.0022935867,307.1233,153.7698,100,0.1,55.0,3,52500,2377,0.38
525,0.0022935867,307.1233,153.7698,100,0.1,55.0,3,52600,2377,0.38
526,0.0022935867,307.1233,153.7698,100,0.1,55.0,3,52700,2377,0.38
527,0.0022935867,307.1233,153.7698,100,0.1,55.0,3,52800,2377,0.38
528,0.0022935867,307.1233,153.7698,100,0.1,55.0,3,52900,2377,0.38
529,0.0022935867,307.1233,153.7698,100,0.1,55.0,3,53000,2377,0.38
530,0.0022935867,307.1233,153.7698,100,0.1,55.0,3,53100,2377,0.38
531,0.0022935867,307.1233,153.7698,100,0.1,55.0,3,53200,2377,0.38
532,0.0022935867,307.1233,153.7698,100,0.1,55.0,3,53300,2377,0.38
533,0.0022935867,307.1233,153.7698,100,0.1,55.0,3,53400,2377,0.38
534,0.0022935867,307.1233,153.7698,100,0.1,55.0,3,53500,2377,0.38
535,0.0022935867,307.1233,153.7698,100,0.1,55.0,3,53600,2377,0.38
536,0.0022935867,307.1233,153.7698,100,0.1,55.0,3,53700,2377,0.38
537,0.0022935867,307.1233,153.7698,100,0.1,55.0,3,53800,2377,0.38
538,0.0022935867,307.1233,153.7698,100,0.1,55.0,3,53900,2377,0.38
539,0.0022935867,307.1233,153.7698,100,0.1,55.0,3,54000,2377,0.38
540,0.0022935867,307.1233,153.7698,100,0.1,55.0,3,54100,2377,0.38
541,0.0022935867,307.1233,153.7698,100,0.1,55.0,3,54200,2377,0.38
542,0.0022935867,307.1233,153.7698,100,0.1,55.0,3,54300,2377,0.38
543,0.0022935867,307.1233,153.7698,100,0.1,55.0,3,54400,2377,0.38
544,0.0022935867,307.1233,153.7698,100,0.1,55.0,3,54500,2377,0.38
545,0.0022935867,307.1233,153.7698,100,0.1,55.0,3,54600,2377,0.38
546,0.0022935867,307.1233,153.7698,100,0.1,55.0,3,54700,2377,0.38
547,0.0022935867,307.1233,153.7698,100,0.1,55.0,3,54800,2377,0.38
548,0.0022935867,307.1233,153.7698,100,0.1,55.0,3,54900,2377,0.38
549,0.0022935867,307.1233,153.7698,100,0.1,55.0,3,55000,2377,0.38
550,0.0022935867,307.1233,153.7698,100,0.1,55.0,3,55100,2377,0.38
551,0.0022935867,307.1233,153.7698,100,0.1,55.0,3,55200,2377,0.38
552,0.0022935867,307.1233,153.7698,100,0.1,55.0,3,55300,2377,0.38
553,0.0022935867,307.1233,153.7698,100,0.1,55.0,3,55400,2377,0.38
554,0.0022935867,307.1233,153.7698,100,0.1,55.0,3,55500,2377,0.38
555,0.0022935867,307.1233,153.7698,100,0.1,55.0,3,55600,2377,0.38
556,0.0022935867,307.1233,153.7698,100,0.1,55.0,3,55700,2377,0.38
557,0.0022935867,307.1233,153.7698,100,0.1,55.0,3,55800,2377,0.38
558,0.0022935867,307.1233,153.7698,100,0.1,55.0,3,55900,2377,0.38
559,0.0022935867,307.1233,153.7698,100,0.1,55.0,3,56000,2377,0.38
560,0.0022935867,307.1233,153.7698,100,0.1,55.0,3,56100,2377,0.38
561,0.0022935867,307.1233,153.7698,100,0.1,55.0,3,56200,2377,0.38
562,0.0022935867,307.1233,153.7698,100,0.1,55.0,3,56300,2377,0.38
563,0.0022935867,307.1233,153.7698,100,0.1,55.0,3,56400,2377,0.38
564,0.0022935867,307.1233,153.7698,100,0.1,55.0,3,56500,2377,0.38
565,0.0022935867,307.1233,153.7698,100,0.1,55.0,3,56600,2377,0.38
566,0.0022935867,307.1233,153.7698,100,0.1,55.0,3,56700,2377,0.38
567,0.0022935867,307.1233,153.7698,100,0.1,55.0,3,56800,2377,0.38
568,0.0022935867,307.1233,153.7698,100,0.1,55.0,3,56900,2377,0.38
569,0.0022935867,307.1233,153.7698,100,0.1,55.0,3,57000,2377,0.38
570,0.0022935867,307.1233,153.7698,100,0.1,55.0,3,57100,2377,0.38
571,0.0022935867,307.1233,153.7698,100,0.1,55.0,3,57200,2377,0.38
572,0.0022935867,307.1233,153.7698,100,0.1,55.0,3,57300,2377,0.38
573,0.0022935867,307.1233,153.7698,100,0.1,55.0,3,57400,2377,0.38
574,0.0022935867,307.1233,153.7698,100,0.1,55.0,3,57500,2377,0.38
575,0.0022935867,307.1233,153.7698,100,0.1,55.0,3,57600,2377,0.38
576,0.0022935867,307.1233,153.7698,100,0.1,55.0,3,57700,2377,0.38
577,0.0022935867,307.1233,153.7698,100,0.1,55.0,3,57800,2377,0.38
578,0.0022935867,307.1233,153.7698,100,0.1,55.0,3,57900,2377,0.38
579,0.0022935867,307.1233,153.7698,100,0.1,55.0,3,58000,2377,0.38
580,0.0022935867,307.1233,153.7698,100,0.1,55.0,3,58100,2377,0.38
581,0.0022935867,307.1233,153.7698,100,0.1,55.0,3,58200,2377,0.38
582,0.0022935867,307.1233,153.7698,100,0.1,55.0,3,58300,2377,0.38
583,0.0022935867,307.1233,153.7698,100,0.1,55.0,3,58400,2377,0.38
584,0.0022935867,307.1233,153.7698,100,0.1,55.0,3,58500,2377,0.38
585,0.0022935867,307.1233,153.7698,100,0.1,55.0,3,58600,2377,0.38
586,0.0022935867,307.1233,153.7698,100,0.1,55.0,3,58700,2377,0.38
587,0.0022935867,307.1233,153.7698,100,0.1,55.0,3,58800,2377,0.38
588,0.0022935867,307.1233,153.7698,100,0.1,55.0,3,58900,2377,0.38
589,0.0022935867,307.1233,153.7698,100,0.1,55.0,3,59000,2377,0.38
590,0.0022935867,307.1233,153.7698,100,0.1,55.0,3,59100,2377,0.38
591,0.0022935867,307.1233,153.7698,100,0.1,55.0,3,59200,2377,0.38
592,0.0022935867,307.1233,153.7698,100,0.1,55.0,3,59300,2377,0.38
593,0.0022935867,307.1233,153.7698,100,0.1,55.0,3,59400,2377,0.38
594,0.0022935867,307.1233,153.7698,100,0.1,55.0,3,59500,2377,0.38
